1,"2024-03-30 13:00:19",104357,4083,22
2,"2024-03-26 11:00:17",208155,16694,26
3,"2024-04-02 12:00:35",22639,1688,24
4,"2024-03-31 15:32:57",48900,5237,26
5,"2024-03-31 10:45:01",90429,7271,26
6,"2024-04-01 15:53:30",37340,2612,22
7,"2024-03-30 12:17:43",97038,6355,22
8,"2024-04-01 13:00:36",20819,1271,22
9,"2024-03-31 06:29:02",97597,7300,22
10,"2024-03-31 16:04:49",45515,1745,22
11,"2024-03-25 11:35:20",212700,8226,24
12,"2024-04-02 12:02:04",27214,7010,22
13,"2024-03-29 09:00:31",98770,6756,26
14,"2024-03-28 15:00:04",188435,9424,22
15,"2024-03-28 12:00:36",126355,4676,1
16,"2024-03-24 06:19:13",268986,28866,22
17,"2024-03-23 09:01:33",526540,58274,24
18,"2024-03-31 05:00:39",41558,1366,22
19,"2024-03-30 14:03:47",176912,21749,22
20,"2024-03-29 07:00:50",156275,2618,24
21,"2024-03-31 17:21:20",34141,2053,26
22,"2024-03-28 16:28:28",51775,5382,26
23,"2024-03-28 13:56:59",70936,4657,22
24,"2024-04-01 23:08:10",29630,4638,24
25,"2024-03-25 12:53:20",109183,3103,22
26,"2024-03-12 08:00:19",1420973,59051,24
27,"2024-03-23 13:00:05",758293,34733,19
28,"2024-03-23 07:00:03",370200,14859,22
29,"2024-02-27 06:45:05",24491621,788686,24
30,"2024-03-26 15:01:24",134515,5527,26
31,"2024-03-31 07:00:12",51257,1476,1
32,"2024-03-31 11:58:20",43943,1912,26
33,"2024-03-29 14:48:31",31355,5125,24
34,"2024-03-17 11:00:36",504587,22380,23
35,"2024-03-27 15:00:03",36374,2258,22
36,"2024-04-01 00:00:15",154184,11161,22
37,"2024-03-31 22:56:33",59658,3648,19
38,"2024-03-17 08:34:40",564359,12348,22
39,"2024-03-31 11:00:08",40605983,1635515,22
40,"2024-03-28 23:38:04",2840513,180477,10
41,"2024-03-29 00:00:36",4803628,122253,10
42,"2024-03-22 01:34:45",6319114,191176,10
43,"2024-03-27 12:00:06",5493244,232167,10
44,"2024-03-22 00:00:12",12301941,355996,10
45,"2024-03-30 17:00:04",4588642,351318,10
46,"2024-04-01 00:22:16",1543601,24117,10
47,"2024-04-01 04:58:06",22812164,740419,10
48,"2024-03-19 01:29:49",14954469,332241,10
49,"2024-03-22 16:05:57",10380163,417150,10
50,"2024-03-25 15:00:07",6144221,580698,10
51,"2024-03-29 18:15:08",1974503,115056,10
52,"2024-03-25 14:02:13",4777851,215004,10
53,"2024-03-25 04:58:08",22713590,638691,10
54,"2024-03-28 17:08:18",331457,12629,10
55,"2024-03-29 00:00:13",2584508,92912,10
56,"2024-03-20 08:45:20",58712303,215415,10
57,"2024-03-22 00:00:08",7224845,437626,10
58,"2024-03-29 00:00:01",5026757,924195,10
59,"2024-03-22 00:00:07",16659381,583786,10
60,"2024-03-21 19:00:18",7631029,150479,10
61,"2024-03-27 10:03:02",2644836,231378,10
62,"2024-03-28 02:30:07",1430742,33001,10
63,"2024-03-23 06:00:19",11608020,8171,24
64,"2024-04-01 07:30:09",1693822,13794,10
65,"2024-03-22 12:06:39",1178987,18817,10
66,"2024-03-29 22:15:03",412180,35698,10
67,"2024-03-28 06:00:42",662000,13812,10
68,"2024-03-24 05:11:28",1499033,8319,10
69,"2024-04-02 15:00:05",407614,44164,24
70,"2024-04-02 11:00:00",1077846,191432,24
71,"2024-04-02 11:00:04",577394,66206,24
72,"2024-04-02 11:58:00",452346,62033,1
73,"2024-04-02 16:00:09",181471,29424,20
74,"2024-04-02 14:00:00",510010,40260,22
75,"2024-04-02 12:15:00",804696,54585,24
76,"2024-04-02 06:00:00",521393,63784,20
77,"2024-04-02 10:26:40",254510,27244,27
78,"2024-04-02 13:06:35",192308,17090,20
79,"2024-04-01 13:40:00",1031406,142477,20
80,"2024-04-02 13:30:05",128985,18377,24
81,"2024-04-02 10:51:28",174765,20192,24
82,"2024-04-02 15:00:06",90761,10430,20
83,"2024-04-02 14:33:51",157895,22711,20
84,"2024-04-02 14:42:50",324559,47023,20
85,"2024-04-02 16:00:18",100885,12018,20
86,"2024-04-02 11:15:51",100981,8147,20
87,"2024-04-02 07:22:00",198183,20118,20
88,"2024-04-01 10:00:01",1083511,102352,20
89,"2024-04-01 21:05:52",434399,47768,20
90,"2024-04-02 09:11:32",140545,15054,20
91,"2024-04-02 12:30:02",189098,15551,20
92,"2024-04-01 22:01:51",250703,36727,20
93,"2024-04-01 11:39:16",784918,77457,20
94,"2024-04-01 09:00:07",17554475,997869,24
95,"2024-04-02 13:00:23",179878,43832,20
96,"2024-04-01 08:20:15",2453606,94951,2
97,"2024-04-02 06:26:54",469184,34861,22
98,"2024-04-02 14:23:45",57466,4224,20
99,"2024-04-01 17:47:21",559666,38789,20
100,"2024-04-02 15:00:30",198757,14482,20
101,"2024-04-02 05:06:41",520646,16519,20
102,"2024-04-02 11:33:37",66613,4156,20
103,"2024-04-02 09:30:18",121618,17759,20
104,"2024-04-02 15:18:00",83706,15486,20
105,"2024-04-02 12:09:49",197092,16357,20
106,"2024-04-01 14:00:13",926069,101446,20
107,"2024-04-02 08:32:17",87104,8491,20
108,"2024-04-02 14:00:24",82689,10830,27
109,"2024-04-02 15:04:12",120232,31212,24
110,"2024-04-02 13:47:24",64006,2502,20
111,"2024-04-02 08:00:44",345748,40489,20
112,"2024-04-01 14:36:47",587149,24590,17
113,"2024-04-01 17:00:32",478144,44082,20
114,"2024-04-02 00:53:39",227438,13754,22
115,"2024-04-02 16:44:09",433521,2977,20
116,"2024-04-02 09:00:15",119889,23761,24
117,"2024-04-02 10:00:13",340911,34048,20
118,"2024-04-02 14:04:23",171192,6179,20
119,"2024-04-02 11:14:14",71349,7974,20
120,"2024-04-01 16:37:48",817841,150137,20
121,"2024-04-01 07:00:14",1220476,102753,20
122,"2024-04-01 21:26:07",478126,16140,20
123,"2024-04-02 10:38:54",267904,8852,20
124,"2024-04-02 01:13:20",125073,11305,24
125,"2024-04-02 04:02:23",408614,29938,22
126,"2024-04-01 18:46:35",567458,65913,20
127,"2024-04-01 21:12:30",75292,4907,20
128,"2024-04-01 12:00:05",268601,28071,20
129,"2024-04-01 16:02:11",479626,37165,20
130,"2024-04-01 23:23:56",240991,27832,20
131,"2024-04-01 11:30:06",375092,30193,22
132,"2024-04-01 21:41:42",640008,39808,20
133,"2024-04-01 20:54:07",149317,11931,24
134,"2024-04-01 14:42:23",670532,82720,20
135,"2024-04-01 12:00:02",332133,18045,20
136,"2024-04-01 19:00:27",133108,15930,24
137,"2024-04-01 15:00:21",620549,24243,20
138,"2024-04-01 06:00:07",2088310,180719,20
139,"2024-04-01 16:25:58",203291,10487,20
140,"2024-04-01 17:54:11",278176,30964,20
141,"2024-04-01 09:00:33",3757664,654372,1
142,"2024-04-01 02:20:13",744162,36461,20
143,"2024-04-01 18:57:51",1553278,55677,20
144,"2024-04-01 09:37:12",660267,76819,20
145,"2024-04-01 15:45:00",184870,7125,24
146,"2024-03-31 12:00:41",1448504,None,24
147,"2024-04-01 15:15:00",827010,24583,20
148,"2024-03-31 22:37:43",536650,41351,22
149,"2024-04-01 09:00:05",610090,19404,20
150,"2024-04-01 10:55:27",704192,50255,20
151,"2024-04-01 09:00:08",6384231,273966,1
152,"2024-04-01 11:30:07",789355,50357,20
153,"2024-04-01 09:00:36",146783,27923,20
154,"2024-04-02 02:46:02",189341,4424,24
155,"2024-04-01 10:00:40",211354,13657,20
156,"2024-04-01 12:00:38",1262999,182818,20
157,"2024-03-31 12:48:48",1285473,58930,20
158,"2024-04-01 10:15:59",1845646,90196,20
159,"2024-04-01 21:19:25",360130,11487,20
160,"2024-04-01 06:00:03",302943,29143,20
161,"2024-03-31 15:14:10",1049625,97454,22
162,"2024-04-01 01:00:09",840242,51535,20
163,"2024-04-01 10:12:26",427381,62661,20
164,"2024-04-01 03:30:04",259092,23311,20
165,"2024-03-31 20:00:09",648648,45478,20
166,"2024-03-30 17:00:17",1525073,195912,20
167,"2024-04-01 11:00:32",536523,8495,10
168,"2024-03-31 15:00:06",1103746,76150,20
169,"2024-03-31 11:00:37",1599832,85685,20
170,"2024-03-31 21:07:08",318565,None,24
171,"2024-03-31 12:13:13",836701,60857,20
172,"2024-03-31 15:23:00",1768190,135036,22
173,"2024-03-31 20:11:17",682544,39573,24
174,"2024-03-30 20:40:51",1775120,103615,20
175,"2024-04-01 04:00:33",1407558,30279,20
176,"2024-03-31 20:21:57",674876,39812,20
177,"2024-03-31 19:00:21",696843,33340,20
178,"2024-03-30 14:50:33",775213,38576,22
179,"2024-03-31 17:00:10",716484,17367,20
180,"2024-03-29 19:00:47",2052376,135400,23
181,"2024-03-14 03:32:26",4853263,350568,1
182,"2024-03-28 13:13:58",1059921,85144,28
183,"2024-03-26 18:47:00",2779494,63130,20
184,"2024-03-30 19:59:43",717147,54184,20
185,"2024-03-11 12:07:28",6472837,342091,24
186,"2024-03-26 16:29:51",2300276,174920,28
187,"2024-04-01 13:23:25",466824,33704,28
188,"2024-03-30 16:02:31",1572708,132904,28
189,"2024-03-24 09:36:18",2160957,219237,24
190,"2024-03-31 20:09:50",970285,78072,24
191,"2024-03-21 13:10:54",4604451,165080,24
192,"2024-03-30 12:59:53",1211683,56080,28
193,"2024-03-26 02:06:36",11319805,487876,22
194,"2024-03-22 14:56:52",3258090,179830,23
195,"2024-04-01 16:21:31",366285,29903,28
196,"2024-03-27 09:48:54",1132733,87152,28
197,"2024-03-21 15:49:35",1678032,129542,22
198,"2024-03-31 14:00:19",228913,20139,20
199,"2024-03-07 04:39:45",10203047,None,28
201,"2024-04-01 13:52:48",677160,43743,28
202,"2024-03-31 10:13:38",488394,56531,28
203,"2024-03-31 20:00:23",374321,8037,22
204,"2024-03-12 12:34:52",957974,54632,20
205,"2024-04-01 09:03:35",350646,22429,28
206,"2024-03-26 17:34:38",999510,56922,28
207,"2024-03-06 15:48:28",685048,29443,26
208,"2024-04-01 12:51:57",130042,4205,28
209,"2024-03-31 19:07:49",391288,15120,20
210,"2024-04-01 12:35:03",330421,36287,28
211,"2024-03-20 09:00:15",1265690,59122,28
212,"2024-04-01 16:17:55",209873,13161,28
213,"2024-02-26 02:12:26",79338282,1702368,22
214,"2024-03-19 11:00:47",1590939,81962,28
215,"2024-03-30 15:54:39",448458,19645,20
216,"2024-03-26 06:57:36",600893,22432,27
217,"2024-03-02 20:20:22",29703984,1036117,22
218,"2024-03-12 15:43:19",1480879,61837,22
219,"2024-03-31 11:00:44",274455,10341,28
220,"2024-03-25 11:01:13",954314,30383,28
221,"2024-03-20 17:20:58",3039417,90277,28
222,"2024-03-11 14:48:46",1200256,52095,24
223,"2024-03-29 03:00:13",1159717,67774,28
224,"2024-03-26 14:06:36",681309,25271,28
225,"2024-03-30 01:55:45",325680,18303,28
226,"2024-03-27 03:56:43",423264,24293,22
227,"2024-03-28 15:20:24",1144273,31121,28
228,"2024-03-06 22:06:48",3200801,111451,22
229,"2024-03-31 13:09:51",266010,12762,28
230,"2024-03-28 20:00:32",715159,13939,2
231,"2024-02-29 13:17:34",1896896,132228,24
232,"2024-03-15 16:25:44",953714,68066,1
233,"2024-04-01 18:42:50",121031,7185,28
234,"2024-02-28 03:05:12",17736348,216023,28
235,"2024-04-02 09:07:40",39347,None,28
236,"2024-04-02 06:00:42",72189,5558,28
237,"2024-03-14 15:20:32",3558501,92077,28
238,"2024-03-06 11:05:57",5081349,403809,22
239,"2024-03-26 21:26:47",335211,22638,27
240,"2024-03-30 10:00:20",184175,16220,28
241,"2024-04-02 12:03:45",58662,5348,28
242,"2024-04-01 18:13:49",51553,3391,28
243,"2024-04-02 11:00:46",70901,5164,28
244,"2024-03-16 06:08:31",1945069,58634,24
245,"2024-03-31 14:07:22",128984,8718,28
246,"2024-03-28 11:00:24",430734,20855,28
247,"2024-03-22 09:55:02",1746269,43447,20
248,"2024-03-29 13:10:02",71353,5103,24
249,"2024-03-31 10:00:44",115224,3970,28
250,"2024-03-26 09:00:24",1061710,22186,28
251,"2024-03-20 07:45:01",810455,19044,28
252,"2024-03-26 10:33:06",224388,6724,28
253,"2024-04-01 10:00:13",119152,17648,26
254,"2024-04-02 03:47:31",62037,5473,28
255,"2024-03-29 11:36:00",203117,11825,28
256,"2024-03-29 08:32:42",190369,13724,28
257,"2024-04-02 11:57:29",31056,2788,28
258,"2024-03-31 01:37:29",91025,7671,22
259,"2024-04-01 13:08:33",94366,5978,27
260,"2024-04-01 21:46:41",112526,7810,28
261,"2024-03-30 14:15:00",282723,13029,28
262,"2024-04-01 13:00:11",67594,4289,23
263,"2024-03-30 11:00:20",233626,15566,28
264,"2024-03-29 16:32:55",238642,12237,28
265,"2024-03-30 13:10:39",163686,8516,28
266,"2024-03-15 18:37:03",1563356,None,24
267,"2024-04-02 13:36:00",34668,1560,28
268,"2024-03-29 08:15:38",88681,9857,25
269,"2024-04-01 07:51:49",65843,4275,24
270,"2024-04-01 15:27:06",57172,2425,28
271,"2024-03-10 10:15:41",2822065,153724,22
272,"2024-04-01 00:01:00",83096,3900,27
273,"2024-03-30 14:00:03",129711,10219,20
274,"2024-03-28 09:59:55",349188,15986,28
275,"2024-03-19 16:33:54",707492,42373,27
276,"2024-03-24 18:00:17",291081,18271,28
277,"2024-03-31 03:07:53",72725,7603,28
278,"2024-03-31 10:30:05",73681,4547,23
279,"2024-03-30 10:00:08",59089,2763,28
280,"2024-03-19 20:13:03",791905,68845,22
281,"2024-03-25 01:30:11",253653,10442,28
282,"2024-03-10 12:38:39",1522057,85238,28
283,"2024-03-30 06:00:22",134631,11551,28
284,"2024-03-24 11:55:14",453918,22173,28
285,"2024-03-23 09:00:27",490869,25586,28
286,"2024-03-26 14:15:00",228545,23174,24
287,"2024-03-29 18:42:25",68379,2602,28
288,"2024-03-28 19:00:21",127497,6597,27
289,"2024-03-25 07:45:02",202831,13374,20
290,"2024-03-27 13:05:27",160698,4527,28
291,"2024-03-29 10:12:39",121155,3521,28
292,"2024-04-01 18:28:56",86977,8641,28
293,"2024-03-26 11:35:14",379611,10859,22
294,"2024-03-27 11:16:21",164291,6535,28
295,"2024-02-27 17:48:42",4131556,174124,27
296,"2024-03-23 08:40:00",989767,65904,26
297,"2024-03-30 11:00:18",67178,3012,28
298,"2024-03-29 09:00:35",72482,2070,20
299,"2024-03-06 19:42:44",18798223,285759,28
300,"2024-03-28 18:18:16",125683,4892,28
301,"2024-03-27 16:32:30",88651,4383,28
302,"2024-03-07 18:41:59",2111281,112417,28
303,"2024-03-17 06:52:08",3278493,188731,28
304,"2024-03-06 01:30:04",344332,9144,29
305,"2024-03-29 13:59:35",84581,6644,28
306,"2024-03-26 15:16:08",130419,7821,27
307,"2024-03-31 12:00:01",47377,2424,28
308,"2024-03-19 12:48:12",953680,15252,28
309,"2024-04-01 15:00:31",48463,2309,28
310,"2024-03-03 12:24:52",16308138,473592,28
311,"2024-03-29 10:00:11",118092,5881,28
312,"2024-02-29 11:19:24",16760369,675614,22
313,"2024-03-27 09:00:40",395586,9677,24
314,"2024-03-31 10:32:51",143423,10906,28
315,"2024-03-24 15:20:42",112980,7624,28
316,"2024-03-30 07:50:07",286821,2388,22
317,"2024-04-01 23:52:39",66271,1766,28
318,"2024-03-13 11:00:09",13697919,136584,26
319,"2024-02-27 14:18:47",37926324,213474,28
320,"2024-03-30 14:38:40",78810,6624,28
321,"2024-03-02 13:17:41",426120,17039,28
322,"2024-03-25 19:03:04",208311,10362,20
323,"2024-03-29 08:00:13",86550,2368,28
324,"2024-03-14 13:26:10",1796061,101778,26
325,"2024-03-01 15:52:43",3564203,131464,20
326,"2024-03-24 12:50:01",126119,5196,28
327,"2024-03-28 10:11:47",83140,5466,22
328,"2024-03-26 01:18:13",97574,10582,27
329,"2024-03-27 08:59:00",84806,3323,28
330,"2024-03-29 05:26:32",104638,3281,28
331,"2024-03-15 13:30:58",874866,56467,24
332,"2024-03-06 12:01:24",3415221,266025,28
333,"2024-02-29 11:51:55",3671687,249051,20
334,"2024-03-08 14:05:51",602538,34716,26
335,"2024-03-13 12:00:42",582066,41071,24
336,"2024-03-02 00:00:27",1608415,44346,28
337,"2024-03-24 02:45:38",2008806,138777,28
338,"2024-03-27 06:00:15",85774,3619,22
339,"2024-03-27 12:30:03",95693,4698,28
340,"2024-02-29 17:12:07",2186488,96730,28
341,"2024-02-29 14:42:15",1102799,50392,28
342,"2024-03-25 16:05:26",113303,7243,28
343,"2024-03-21 15:58:07",554770,22749,24
344,"2024-03-24 12:00:38",118369,5308,28
345,"2024-03-30 11:00:40",106076,6271,28
346,"2024-03-31 08:01:08",503927,2773,22
347,"2024-03-21 14:56:39",145031,9983,20
348,"2024-03-30 13:00:38",61425,4521,26
349,"2024-03-18 18:49:06",436791,9106,26
350,"2024-03-12 13:07:26",809888,42116,24
351,"2024-03-29 11:02:19",44439,2311,28
352,"2024-03-30 11:06:47",165878,379,22
353,"2024-03-27 18:57:35",169181,17832,27
354,"2024-03-26 12:07:59",166581,9652,28
355,"2024-03-14 16:44:41",24857229,1272176,24
356,"2024-03-30 09:31:04",143625,463,28
357,"2024-02-29 13:01:21",3009508,138349,20
358,"2024-03-08 16:03:08",912362,81266,20
359,"2024-03-16 00:28:05",723061,81787,27
360,"2024-03-01 12:28:26",1895992,130379,24
361,"2024-03-03 11:04:08",466004,8191,24
362,"2024-03-09 06:00:05",1389617,10862,28
363,"2024-03-01 23:03:59",24757892,882273,22
364,"2024-03-26 16:00:04",29625172,1354577,26
365,"2024-03-29 10:49:07",10542627,540107,23
366,"2024-03-26 13:12:09",13127942,None,24
367,"2024-03-25 18:58:54",11364303,805536,1
368,"2024-04-01 11:30:00",3122589,252907,23
369,"2024-03-22 12:05:32",14250566,778200,24
370,"2024-04-01 11:25:00",2657109,263931,1
371,"2024-03-31 12:00:12",3717996,311159,1
372,"2024-03-25 02:50:05",18067281,962911,1
373,"2024-03-24 04:25:00",12703020,852313,22
374,"2024-03-20 16:24:34",263799462,4909795,1
375,"2024-04-01 23:45:04",1404630,43134,23
376,"2024-03-26 13:36:54",16041441,994704,24
377,"2024-03-27 23:58:49",3201417,270135,1
378,"2024-03-24 12:00:12",7116411,181768,24
379,"2024-03-26 12:00:37",5616489,206956,17
380,"2024-04-01 17:54:28",1163871,84178,24
381,"2024-03-22 19:00:06",9327634,304470,20
382,"2024-03-30 09:00:04",4253370,294640,1
383,"2024-03-24 14:00:07",12388129,698589,23
384,"2024-03-25 16:00:16",7954283,513764,24
385,"2024-03-31 14:34:35",1888600,250392,27
386,"2024-03-26 12:36:49",5367750,434337,1
387,"2024-03-28 14:32:25",6741527,369705,1
388,"2024-03-21 19:00:11",25130343,1863417,24
389,"2024-03-24 15:06:03",26531432,969362,1
390,"2024-03-26 17:00:08",4045210,347240,1
391,"2024-03-31 07:55:45",3133867,350898,24
392,"2024-03-29 12:00:44",3745199,246739,22
393,"2024-03-27 15:00:28",2016171,147252,24
394,"2024-03-28 11:49:21",3600921,627197,1
395,"2024-03-31 09:01:00",3692675,117679,22
396,"2024-03-26 15:00:32",8613834,422595,24
397,"2024-03-26 12:38:20",2741722,106242,1
398,"2024-03-30 09:00:45",2057200,158943,23
399,"2024-03-29 00:44:25",3261125,153330,24
400,"2024-03-21 08:03:50",9824450,692032,1
401,"2024-03-30 10:30:12",2241687,97748,24
402,"2024-03-24 11:28:42",3269039,129023,23
403,"2024-03-31 12:00:28",21905553,590092,24
404,"2024-03-28 07:23:56",4454906,413385,1
405,"2024-03-27 23:25:00",2175915,143402,24
406,"2024-03-13 14:05:32",5447277,310477,24
407,"2024-03-26 11:00:34",4083224,300757,24
408,"2024-03-23 09:31:00",9517109,523167,24
409,"2024-03-30 11:06:06",3698258,146301,24
410,"2024-03-28 09:03:00",5970995,402152,22
411,"2024-03-21 16:45:33",9001208,875170,22
412,"2024-03-26 23:01:23",4941371,229188,1
413,"2024-03-09 14:02:22",2105444,73808,23
414,"2024-03-20 11:16:55",5448744,386157,24
415,"2024-04-02 11:30:13",450172,82908,23
416,"2024-03-25 10:00:27",4405808,387667,23
417,"2024-03-19 21:59:22",3298730,183004,22
418,"2024-03-15 12:13:35",20753394,1214823,24
419,"2024-03-28 14:51:18",1025116,54925,23
420,"2024-03-22 17:00:00",10010694,368107,24
421,"2024-03-28 03:01:19",40984848,82721,24
422,"2024-03-28 19:18:31",2240797,157386,24
423,"2024-03-31 15:20:27",750126,137235,20
424,"2024-03-23 08:37:19",17425636,646612,20
425,"2024-03-28 15:35:03",2034011,129495,22
426,"2024-03-29 17:09:33",1286820,None,1
427,"2024-04-01 13:00:31",450828,22351,24
428,"2024-03-26 18:25:26",1762014,205783,20
429,"2024-03-05 06:00:18",8104653,415841,22
430,"2024-04-01 07:07:44",1141331,70418,10
431,"2024-03-26 11:00:42",1886013,127687,23
432,"2024-03-17 20:03:44",20957549,1415757,23
433,"2024-04-01 11:30:07",744420,15679,23
434,"2024-03-29 12:00:40",807878,89683,22
435,"2024-03-27 14:42:42",2804991,116815,22
436,"2024-03-30 13:00:18",917306,45854,22
437,"2024-03-24 18:17:57",3979432,431744,23
438,"2024-03-15 07:30:32",5230632,147179,1
439,"2024-03-28 13:03:23",787326,24830,19
440,"2024-03-24 12:00:36",6679884,571425,19
441,"2024-03-26 05:36:55",1184825,84863,20
442,"2024-03-28 02:49:33",2077188,196489,24
443,"2024-03-30 19:00:09",560901,20827,24
444,"2024-03-15 21:17:47",11691032,385646,24
445,"2024-03-26 11:00:03",2005895,55497,23
446,"2024-03-16 15:00:20",2082509,136897,24
447,"2024-03-26 16:34:12",2052310,257444,23
448,"2024-03-27 06:46:50",2581008,137086,1
449,"2024-03-26 14:27:43",2905341,187790,1
450,"2024-04-01 20:00:07",1984391,37796,22
451,"2024-03-17 14:41:27",2473754,187203,1
452,"2024-03-18 21:40:36",76391814,2660473,24
453,"2024-03-27 08:00:24",2888634,150435,1
454,"2024-03-27 03:15:00",6822929,716097,26
455,"2024-03-11 17:21:40",3565972,244487,1
456,"2024-03-27 10:00:48",3970755,237741,22
457,"2024-03-15 22:21:29",5275132,103813,22
458,"2024-03-27 19:00:34",1155948,85956,22
459,"2024-03-27 16:07:57",2017553,122876,24
460,"2024-03-31 18:00:04",734072,42326,23
461,"2024-03-25 18:11:04",1403041,137453,23
462,"2024-03-29 11:56:10",2679770,None,10
463,"2024-03-23 09:00:46",551848,21601,1
464,"2024-03-31 16:52:21",749058,51078,24
465,"2024-03-28 09:00:30",986924,49063,22
466,"2024-03-22 03:39:02",4229863,None,10
467,"2024-03-30 15:00:07",2363336,225322,1
468,"2024-04-01 08:00:46",514072,41367,20
469,"2024-03-28 09:47:24",2081725,170962,1
470,"2024-03-31 06:00:04",849524,78762,24
471,"2024-03-14 19:04:53",41404559,1791982,22
472,"2024-03-30 13:00:00",1981216,80867,22
473,"2024-03-31 15:52:02",778387,20948,24
474,"2024-03-18 02:11:48",4154202,311408,1
475,"2024-04-02 03:00:13",987393,83083,20
476,"2024-03-24 11:00:47",3997649,282188,23
477,"2024-03-25 18:00:11",2287921,80565,1
478,"2024-03-28 10:00:07",2372195,77888,22
479,"2024-03-26 12:27:58",1979096,316798,23
480,"2024-03-28 20:56:11",1610696,157794,20
481,"2024-03-28 14:42:43",781704,39912,22
482,"2024-03-28 08:00:38",3751638,288107,24
483,"2024-04-02 03:35:00",289846,8824,24
484,"2024-04-01 14:36:29",259022,20343,22
485,"2024-03-25 11:49:55",1067532,86594,24
486,"2024-03-23 09:03:00",5970764,171710,1
487,"2024-03-21 17:00:23",15973475,149246,1
488,"2024-03-21 06:54:21",3321255,185719,22
489,"2024-04-01 12:00:56",584256,144475,1
490,"2024-03-26 16:00:11",2242700,120998,24
491,"2024-03-26 19:00:23",2842301,140403,1
492,"2024-03-13 16:26:54",420805,22947,10
493,"2024-03-28 11:30:04",2342164,213245,24
494,"2024-04-01 21:00:20",324344,24781,24
495,"2024-03-31 10:15:02",544079,61802,24
496,"2024-03-25 10:30:13",2229133,44294,24
497,"2024-03-07 17:56:51",12511035,615920,26
498,"2024-03-30 15:15:00",666397,29721,22
499,"2024-03-25 21:27:39",3961705,174810,22
500,"2024-04-01 12:00:35",472695,15540,23
501,"2024-03-31 11:00:24",582255,58965,24
502,"2024-03-17 19:05:26",7636596,320707,24
503,"2024-03-28 18:08:05",2981298,255739,24
504,"2024-03-19 07:00:14",1184253,58252,24
505,"2024-04-01 14:58:54",643795,96542,24
506,"2024-03-24 12:25:00",4863175,244470,23
507,"2024-03-30 12:00:03",7237320,128615,24
508,"2024-04-01 15:00:06",542253,37374,23
509,"2024-03-29 16:00:01",721673,30711,22
510,"2024-03-28 10:00:00",3462051,13363,24
511,"2024-03-21 14:01:07",4640610,68790,22
512,"2024-03-28 11:11:56",1737682,41387,22
513,"2024-03-28 15:02:16",829143,22572,23
514,"2024-03-22 02:30:29",18807439,701714,24
515,"2024-03-28 17:46:06",1300462,115336,23
516,"2024-03-07 02:00:19",1252946,40364,26
517,"2024-03-31 09:00:05",1354699,88849,22
518,"2024-03-19 12:12:00",6691315,408909,1
519,"2024-03-25 11:40:21",1636788,198413,22
520,"2024-03-25 10:00:26",2525370,62766,1
521,"2024-03-31 16:01:28",459842,20585,23
522,"2024-03-28 11:30:01",2258711,136667,24
523,"2024-03-21 11:29:59",6822873,437722,22
524,"2024-03-22 19:05:44",879507,42371,23
525,"2024-03-29 17:00:07",494916,15380,23
526,"2024-03-22 14:03:55",4187423,344370,23
528,"2024-03-29 10:54:31",754390,31063,24
529,"2024-03-29 11:00:30",843902,58818,1
530,"2024-03-28 00:03:47",951394,13582,23
531,"2024-04-01 01:01:06",605108,41507,1
532,"2024-03-23 18:00:15",1766212,131487,1
533,"2024-03-31 08:12:16",597344,50812,22
534,"2024-03-26 17:00:02",966785,36211,24
535,"2024-04-01 19:04:25",131672,9165,24
536,"2024-03-26 14:11:19",2052996,97797,24
537,"2024-03-10 10:00:30",2142940,75387,22
538,"2024-03-23 16:00:08",5925001,183741,22
539,"2024-03-30 09:00:42",611963,95057,20
540,"2024-03-29 07:01:00",8593792,581829,20
541,"2024-03-25 00:43:42",633476,32701,23
542,"2024-03-26 03:12:26",39627270,425903,24
543,"2024-03-27 08:36:40",2418704,136769,1
544,"2024-03-28 12:00:13",4424351,169442,26
545,"2024-03-16 10:11:48",3463486,180278,27
546,"2024-03-27 14:15:00",636817,75122,22
547,"2024-03-26 15:00:25",666881,48162,23
548,"2024-03-29 13:00:41",646025,82025,24
549,"2024-03-07 12:00:40",2636390,203074,20
550,"2024-03-12 12:57:50",4495326,336437,23
551,"2024-03-19 12:27:55",830020,67327,1
552,"2024-03-22 16:07:15",8472550,141230,24
553,"2024-03-26 10:30:04",1849535,102851,23
554,"2024-03-25 08:15:06",12483031,None,15
555,"2024-03-30 13:53:19",305403,11824,24
556,"2024-03-16 18:26:36",1944883,46089,24
557,"2024-03-25 19:00:07",1034474,62259,1
558,"2024-03-29 08:41:55",2792402,207470,22
559,"2024-03-25 23:33:14",2678130,198490,22
560,"2024-04-02 14:15:49",807392,19821,24
561,"2024-04-01 17:01:45",336749,None,24
562,"2024-04-01 16:31:26",1682642,25572,24
563,"2024-03-29 20:14:47",2195558,68889,24
565,"2024-04-01 23:05:56",2127131,75854,23
566,"2024-04-01 21:00:19",1147939,42784,22
567,"2024-03-27 23:50:00",3025203,78456,24
568,"2024-04-01 23:33:32",72388,720,25
569,"2024-03-31 18:18:47",1289206,32159,25
570,"2024-04-01 15:06:42",70878,None,25
571,"2024-03-28 13:10:00",1960342,81316,1
572,"2024-03-26 14:40:54",1585853,61638,25
573,"2024-03-29 07:36:33",806265,15162,25
574,"2024-03-26 07:31:53",3827538,20951,25
575,"2024-04-01 02:03:09",82336,568,25
576,"2024-03-25 20:04:42",411257,3079,25
577,"2024-03-31 18:30:01",1021905,37017,25
578,"2024-04-01 12:34:57",505998,20566,25
579,"2024-03-28 16:06:58",1927652,6007,25
580,"2024-04-01 18:55:18",665937,37940,25
581,"2024-03-29 20:27:55",341506,1312,25
582,"2024-03-27 17:30:02",1107101,13599,24
583,"2024-03-26 20:30:09",1891668,81402,25
584,"2024-03-26 08:05:26",3328391,68248,27
585,"2024-03-31 22:00:30",495966,12827,25
586,"2024-03-28 19:15:30",1017517,15250,25
587,"2024-04-01 12:00:40",385618,11988,25
588,"2024-03-26 22:25:59",1031026,5810,25
589,"2024-03-27 18:19:28",919181,29557,25
590,"2024-03-31 23:23:10",63200,435,25
591,"2024-04-01 09:00:07",320685,1388,25
592,"2024-03-31 06:00:00",64472,4984,22
593,"2024-03-26 21:03:21",1224374,6062,25
594,"2024-03-24 20:28:17",3698077,30171,25
595,"2024-03-29 09:17:29",1085890,9053,25
596,"2024-03-27 21:15:00",1136038,8189,24
597,"2024-03-31 14:28:55",3391654,15668,25
598,"2024-04-02 09:04:14",2866015,157983,25
599,"2024-03-26 14:26:18",1644370,7262,25
600,"2024-04-01 22:00:10",627501,6806,25
601,"2024-04-01 16:00:17",286105,12214,25
602,"2024-04-02 10:05:01",126211,10334,20
603,"2024-04-01 01:11:04",341185,25730,25
604,"2024-03-25 06:46:49",1307363,83362,22
605,"2024-04-02 08:31:38",446008,8073,25
606,"2024-03-26 05:31:28",693563,2059,25
607,"2024-04-01 08:46:13",249536,1216,25
608,"2024-03-29 20:00:33",1012515,28634,25
609,"2024-03-31 20:09:30",474663,16549,25
610,"2024-04-02 08:27:00",777475,15483,25
611,"2024-03-30 07:00:19",252132,10747,25
612,"2024-04-02 09:17:48",805655,13960,25
613,"2024-04-01 16:07:52",241719,4154,17
614,"2024-03-26 19:38:51",1916586,14699,25
615,"2024-04-01 18:31:50",33174,686,25
616,"2024-04-01 02:00:06",156143,14495,25
617,"2024-04-01 15:55:25",293479,5865,25
618,"2024-04-01 09:00:04",129008,3158,25
619,"2024-04-01 14:50:05",32872,3082,25
620,"2024-04-02 01:00:00",96167,1252,24
621,"2024-03-19 20:30:08",2260559,125359,25
622,"2024-04-01 12:25:02",21833,190,25
623,"2024-04-01 14:28:44",88602,1087,24
624,"2024-03-26 17:29:43",731944,6416,25
625,"2024-03-28 19:37:12",275425,15596,25
626,"2024-04-01 23:04:18",1592580,32344,24
627,"2024-03-30 20:19:37",211769,880,25
628,"2024-03-28 10:39:40",575430,25958,25
629,"2024-04-01 17:57:28",159213,2326,25
630,"2024-04-02 14:00:12",43420,1425,24
631,"2024-03-28 19:05:27",48048,282,25
632,"2024-03-31 10:37:38",1794663,51817,25
633,"2024-03-28 18:00:12",52430,4445,25
634,"2024-04-02 15:00:21",117189,12327,24
635,"2024-03-27 18:29:14",984008,32107,25
636,"2024-04-01 11:34:21",115628,9100,25
637,"2024-03-31 19:40:08",2115057,23951,25
638,"2024-04-02 12:05:57",86740,2591,25
639,"2024-04-01 22:42:16",396526,4245,25
640,"2024-04-01 14:00:00",360932,12864,25
641,"2024-04-01 07:30:21",205605,1808,25
642,"2024-03-27 09:56:04",520698,13847,25
643,"2024-04-01 16:23:05",45993,3105,25
644,"2024-04-02 07:08:14",169230,5663,25
645,"2024-03-27 11:52:08",1494641,39731,25
646,"2024-04-01 16:21:15",29280,1005,25
647,"2024-03-27 19:43:49",560064,11202,24
648,"2024-03-23 21:30:04",3379293,22053,25
649,"2024-04-02 11:00:35",105253,1323,24
650,"2024-03-28 11:11:52",540734,20984,24
651,"2024-04-01 13:00:07",167494,4452,25
652,"2024-04-01 17:00:28",500355,6638,25
653,"2024-04-01 11:12:42",360869,26314,24
654,"2024-04-01 08:45:07",81061,1080,25
655,"2024-03-28 20:25:06",82746,4600,25
656,"2024-03-13 02:08:48",5670708,161812,25
657,"2024-04-01 18:53:12",191710,6794,25
658,"2024-04-01 09:20:37",136107,2349,25
659,"2024-03-31 09:00:34",182787,3756,25
660,"2024-04-01 19:00:06",107052,5060,25
661,"2024-04-01 12:54:56",154631,2819,25
662,"2024-03-27 15:00:10",401703,32236,23
663,"2024-04-01 18:49:50",121799,6443,20
664,"2024-04-01 10:09:19",208077,14840,25
665,"2024-04-01 13:17:47",719064,15020,25
666,"2024-04-01 09:26:57",1082650,41202,25
667,"2024-03-31 05:40:22",215881,6632,25
668,"2024-03-31 11:05:45",234562,16587,25
669,"2024-04-02 12:28:41",57361,914,25
670,"2024-04-02 09:55:00",105042,3451,25
671,"2024-04-02 02:30:59",82317,3201,25
672,"2024-03-25 12:51:54",731888,7988,25
673,"2024-03-31 19:22:57",1024327,4752,25
674,"2024-03-27 07:43:34",34846,257,24
675,"2024-03-28 18:21:25",1220814,5998,25
676,"2024-04-01 12:13:23",311587,3948,17
677,"2024-04-02 10:29:49",111803,2145,25
678,"2024-04-01 13:00:26",182705,8539,25
679,"2024-03-30 14:55:51",208588,16153,25
680,"2024-03-31 17:30:06",345009,6882,27
681,"2024-04-01 19:00:24",108131,10274,25
682,"2024-03-28 18:16:05",858803,4651,25
683,"2024-04-02 10:20:08",43653,398,25
684,"2024-04-01 13:18:13",262120,3698,25
685,"2024-04-02 05:00:45",205643,3895,25
686,"2024-03-28 12:14:02",462206,18305,25
687,"2024-04-01 12:30:01",95960,2562,25
688,"2024-04-02 09:30:07",42010,167,25
689,"2024-03-31 15:05:12",134603,1922,25
690,"2024-03-31 19:18:23",1532330,3813,25
691,"2024-04-01 06:30:07",122908,4089,25
692,"2024-04-02 13:03:19",154704,4998,24
693,"2024-04-02 09:15:04",166066,6576,25
694,"2024-03-31 17:30:01",260337,3987,25
695,"2024-04-02 09:00:21",140489,2135,23
696,"2024-04-01 12:55:00",138259,10876,25
697,"2024-03-27 22:13:42",427099,45204,2
698,"2024-03-27 23:35:00",247554,4515,23
699,"2024-03-29 17:57:50",253464,2620,24
700,"2024-03-23 12:00:40",934389,43566,25
701,"2024-04-02 08:18:11",519331,7677,25
702,"2024-03-31 09:13:18",72577,7535,25
703,"2024-04-02 07:45:07",41200,872,25
704,"2024-03-29 15:00:17",305560,19509,25
705,"2024-04-01 22:00:56",222346,16105,25
706,"2024-04-01 15:35:48",131056,6681,25
707,"2024-04-02 07:45:35",131489,17695,27
708,"2024-04-02 11:18:59",516399,12016,25
709,"2024-04-01 13:56:15",215513,2975,25
710,"2024-04-02 08:48:48",28816,351,25
711,"2024-03-26 10:33:11",385684,4590,25
712,"2024-03-27 07:00:15",421728,1979,25
713,"2024-03-31 10:30:07",125128,4664,25
714,"2024-02-29 07:00:47",4364285,117955,24
715,"2024-04-01 20:30:04",89220,11639,25
716,"2024-03-26 17:56:55",48597,1951,25
717,"2024-03-31 01:32:03",2045902,75423,22
718,"2024-03-28 20:00:16",22890,None,25
719,"2024-03-23 08:56:36",743822,11318,25
720,"2024-03-29 02:17:54",595273,4933,25
721,"2024-03-25 16:00:07",13564361,580940,24
722,"2024-03-24 13:59:29",17677526,670758,24
723,"2024-03-31 23:20:00",1634099,94195,17
724,"2024-03-21 07:36:54",66184446,1762276,17
725,"2024-03-30 12:06:24",3517122,123916,22
726,"2024-03-24 15:48:41",9633370,581268,17
727,"2024-03-18 10:00:25",12997169,656760,17
728,"2024-04-01 01:17:54",3085226,186527,17
729,"2024-03-29 17:03:00",5336449,265687,17
730,"2024-04-02 05:32:28",1964489,96646,17
731,"2024-03-25 10:00:11",5343547,180223,17
732,"2024-03-21 16:00:20",4967666,280786,17
733,"2024-03-25 16:00:38",4592387,114981,17
734,"2024-03-18 07:00:47",11805819,475794,24
735,"2024-04-01 22:04:33",109319,4501,17
736,"2024-03-26 15:00:12",1930400,84061,17
737,"2024-04-01 21:59:55",154366,2192,17
738,"2024-03-26 11:18:35",9068179,285301,22
739,"2024-03-29 11:00:49",1336711,97626,22
740,"2024-03-29 12:00:44",8902384,292663,17
741,"2024-03-31 14:19:31",75589,588,17
742,"2024-03-30 11:30:19",728615,48433,20
743,"2024-03-18 12:00:39",5108980,172856,17
744,"2024-03-24 12:00:41",5362956,237099,17
745,"2024-03-24 11:00:40",6258495,485920,24
746,"2024-03-28 08:35:43",1739240,96537,22
747,"2024-04-01 00:00:00",758298,None,1
748,"2024-03-23 11:00:29",10822411,265892,17
749,"2024-03-19 19:00:07",9684399,337132,17
750,"2024-03-28 18:00:26",1277820,70056,24
751,"2024-03-26 13:26:09",6016197,220216,22
752,"2024-03-24 08:09:37",2406899,192208,22
753,"2024-03-23 13:25:51",4594994,202726,22
754,"2024-03-28 14:01:39",1960373,45496,17
755,"2024-03-13 18:48:03",2198956,42474,22
756,"2024-03-26 12:05:25",3381967,119775,17
757,"2024-03-31 00:07:35",3755617,57961,17
758,"2024-03-25 03:18:41",1180022,18693,17
759,"2024-03-17 12:38:18",2979299,131773,10
760,"2024-03-15 17:00:09",1792454,87221,24
761,"2024-03-30 19:07:19",853142,None,24
762,"2024-03-28 22:15:01",1288549,68145,17
763,"2024-03-16 18:52:40",2880357,86754,17
764,"2024-03-28 22:06:33",830878,77370,20
765,"2024-03-31 11:15:02",267084,6357,17
766,"2024-03-28 17:28:27",1623701,141817,17
767,"2024-03-27 21:01:01",1432722,105774,17
768,"2024-03-27 17:43:47",690445,32550,22
769,"2024-03-21 20:02:54",2327794,60151,1
770,"2024-03-26 15:24:14",1024097,43539,24
771,"2024-03-29 15:23:02",794935,33702,22
772,"2024-03-31 09:00:39",800904,53649,17
773,"2024-04-01 14:22:13",1017321,30607,24
774,"2024-03-20 17:25:37",3176943,147035,22
775,"2024-03-30 16:25:30",72927,621,17
776,"2024-03-24 21:04:50",1976023,88032,17
777,"2024-03-31 17:51:56",142178,2198,17
778,"2024-03-26 10:21:17",11396298,498196,17
779,"2024-03-24 13:57:28",1646814,64251,17
780,"2024-04-01 12:01:07",318423,24338,22
781,"2024-03-22 09:01:03",5282112,148830,17
782,"2024-03-27 19:03:00",855973,34082,17
783,"2024-04-01 14:40:37",436853,44485,17
784,"2024-04-01 23:36:06",1757965,124441,17
785,"2024-04-01 20:09:49",443831,34486,10
786,"2024-03-27 07:00:36",1801315,83887,22
787,"2024-03-18 14:32:36",985208,41898,17
788,"2024-03-24 02:25:42",8266230,195178,17
789,"2024-03-25 10:34:11",1625296,33415,28
790,"2024-03-11 16:00:03",2573259,113605,17
791,"2024-03-31 20:23:30",1066525,13176,17
792,"2024-03-18 19:00:47",3052200,108625,17
793,"2024-03-30 07:55:26",942616,63279,24
794,"2024-03-28 06:49:30",4489986,152529,22
795,"2024-03-26 10:19:10",5600115,350278,17
796,"2024-03-29 18:31:56",390857,24730,22
797,"2024-03-27 09:39:28",4991403,159405,17
798,"2024-03-28 08:30:36",9800278,382202,17
799,"2024-03-27 16:32:37",997243,38911,22
800,"2024-03-26 16:32:09",1742938,28458,27
801,"2024-03-13 20:40:51",955315,46404,22
802,"2024-04-01 18:03:49",305798,9486,17
803,"2024-03-18 09:00:46",783970,21181,17
804,"2024-03-31 19:43:51",633226,5119,17
805,"2024-03-24 10:01:46",8242182,163529,17
806,"2024-04-02 00:32:02",43257,2809,17
807,"2024-04-01 18:37:01",11841894,590401,17
808,"2024-04-01 18:11:10",200880,27898,17
809,"2024-03-29 13:52:00",326692,11597,24
810,"2024-03-26 13:00:34",941432,7368,17
811,"2024-03-28 17:44:38",850124,122683,22
812,"2024-03-16 23:59:58",1664756,69909,22
813,"2024-03-20 17:34:54",2142761,78216,20
814,"2024-03-23 17:55:23",2841409,118454,17
815,"2024-03-31 12:48:38",155656,4220,17
816,"2024-03-30 14:53:05",516403,29938,22
817,"2024-03-30 15:23:40",3878920,131519,17
818,"2024-03-24 10:21:56",268839,9426,17
819,"2024-03-26 19:22:02",11078643,132073,17
820,"2024-03-22 11:53:05",1227043,66181,22
821,"2024-03-11 22:54:54",3987919,77928,17
822,"2024-03-28 03:10:22",1622458,132229,22
823,"2024-03-20 09:00:38",19398126,601210,17
824,"2024-03-02 02:46:04",1372515,75351,24
825,"2024-03-20 21:21:07",1153499,41071,17
826,"2024-03-21 11:33:17",2451838,136280,22
827,"2024-03-28 13:57:11",3815121,145682,17
828,"2024-04-01 23:08:24",235182,16460,17
829,"2024-03-12 12:47:20",470207,19772,17
830,"2024-03-30 20:23:22",565111,23811,24
831,"2024-03-24 15:38:55",2234451,96394,17
832,"2024-03-17 15:56:38",1660769,31166,17
833,"2024-03-08 11:00:03",4288101,138400,17
834,"2024-03-21 15:36:51",2178340,111988,22
835,"2024-03-28 17:36:47",531995,32246,20
836,"2024-03-26 13:35:31",8992947,273226,24
837,"2024-03-16 14:53:58",2259960,139604,17
838,"2024-03-21 17:00:32",5267121,175977,24
839,"2024-03-27 10:00:22",675995,12685,23
840,"2024-03-24 14:12:17",1299358,80772,17
841,"2024-03-28 03:32:24",1448358,140069,22
842,"2024-03-31 17:23:28",2245050,52259,17
843,"2024-04-01 07:00:27",7829936,285079,17
844,"2024-03-24 12:30:07",14306206,449577,17
845,"2024-03-20 19:07:15",924923,31637,22
846,"2024-03-25 07:29:06",5602684,163360,22
847,"2024-03-28 04:36:23",3457737,199852,17
848,"2024-03-19 12:18:44",1132446,43935,22
849,"2024-03-02 23:15:01",3059305,114472,20
850,"2024-03-18 14:08:02",4954670,201639,17
851,"2024-03-23 13:02:09",3015376,202359,22
852,"2024-03-24 19:47:32",595295,45006,24
853,"2024-03-21 12:00:41",302559,5939,17
854,"2024-03-26 20:01:08",870928,27458,22
855,"2024-03-12 13:00:01",13221663,797685,22
856,"2024-03-24 21:03:52",1306707,31187,24
857,"2024-03-16 16:57:47",7344056,304290,17
858,"2024-03-06 10:55:10",956487,48221,17
859,"2024-03-26 21:45:00",471377,16922,27
860,"2024-03-27 15:57:28",589965,11786,17
861,"2024-04-02 13:58:14",229436,2075,24
862,"2024-03-19 13:55:26",1080761,26445,17
863,"2024-03-26 16:27:20",1946508,60503,22
864,"2024-04-01 18:07:17",341539,13344,17
865,"2024-04-01 23:30:59",265333,37795,20
866,"2024-03-30 20:00:12",1227471,18631,17
867,"2024-03-29 19:00:20",301501,17845,20
868,"2024-03-28 08:00:49",411740,12943,22
869,"2024-03-24 11:00:05",3989169,176070,17
870,"2024-03-25 22:31:12",535235,14699,17
871,"2024-04-02 16:31:28",78168,7159,22
872,"2024-03-31 16:58:46",112723,922,17
873,"2024-04-01 12:01:00",266887,27650,17
874,"2024-03-27 19:26:00",657306,4532,17
875,"2024-03-22 11:07:44",2834597,55118,17
876,"2024-03-07 17:24:33",1028725,50318,24
878,"2024-03-25 07:20:14",1546859,33406,24
879,"2024-03-24 07:53:25",2162072,136742,17
880,"2024-03-19 20:34:26",5855584,284116,24
881,"2024-04-01 11:13:55",252744,18956,22
882,"2024-03-28 13:38:11",486143,19799,22
883,"2024-03-25 10:12:00",2704747,186579,24
884,"2024-03-29 19:26:02",478511,17280,17
885,"2024-03-31 17:34:33",1102670,15431,17
886,"2024-03-23 19:37:20",1036520,57127,17
887,"2024-03-31 14:59:36",846126,8200,17
888,"2024-03-11 07:31:23",1073754,25915,17
889,"2024-04-01 10:47:00",78729,1307,23
890,"2024-03-31 19:36:09",426104,30183,17
891,"2024-04-01 21:37:23",80476,6897,17
892,"2024-02-29 09:05:51",30320755,657638,26
893,"2024-03-28 12:29:44",3740547,152550,24
894,"2024-03-04 15:55:18",3271984,80039,17
895,"2024-03-26 09:08:14",618624,26022,17
896,"2024-03-17 19:29:21",3666342,240492,22
897,"2024-03-15 11:48:28",5967447,155680,22
898,"2024-03-22 23:46:18",1605375,65396,24
899,"2024-03-27 11:04:00",438671,26089,17
900,"2024-03-27 09:30:07",945464,24069,17
901,"2024-03-14 22:47:32",1201862,41189,24
902,"2024-03-24 11:22:36",2396932,131735,17
903,"2024-03-31 20:49:22",917298,13472,17
904,"2024-04-01 15:15:36",345704,5607,17
905,"2024-03-23 22:54:45",133332,1599,17
906,"2024-04-01 19:24:40",135699,5703,22
907,"2024-03-31 18:36:01",239583,32546,24
908,"2024-03-21 06:40:00",2421356,235684,17
909,"2024-04-01 07:56:44",170204,11220,22
910,"2024-03-31 02:01:39",2063425,31964,17
911,"2024-03-26 08:47:22",72906,3298,17
912,"2024-03-12 01:30:04",3104308,166599,22
913,"2024-03-26 11:00:47",680949,29484,17
914,"2024-03-27 15:29:28",622746,26380,24
915,"2024-03-28 17:00:47",106017,2869,17
916,"2024-03-28 12:00:42",634941,14342,17
917,"2024-03-23 15:01:37",6940263,334671,24
918,"2024-03-30 08:00:50",738202,125863,17
919,"2024-03-14 23:03:55",17302955,599681,17
920,"2024-03-31 02:29:11",44768,2678,17
921,"2024-03-28 18:31:58",14866925,726759,22
922,"2024-03-26 12:45:14",46489897,1815869,17
923,"2024-03-22 10:30:15",27913327,1437051,19
925,"2024-03-26 08:49:01",3915830,262168,22
926,"2024-03-22 19:00:28",6910761,279093,2
927,"2024-03-27 12:19:19",1893303,89403,2
929,"2024-03-26 17:18:59",2406190,113283,2
930,"2024-03-20 11:00:19",5751362,231347,24
931,"2024-03-17 19:10:43",1200516,27392,24
932,"2024-03-16 12:30:04",8482595,368928,2
933,"2024-03-29 11:27:34",1596049,62841,2
934,"2024-04-01 13:00:17",3078665,133697,2
935,"2024-04-01 13:16:21",803415,77398,2
936,"2024-03-20 14:22:01",5672474,286702,19
937,"2024-03-10 14:00:01",3951612,241717,2
938,"2024-03-19 15:33:30",17926280,372461,20
939,"2024-03-25 09:48:29",1344797,40843,2
940,"2024-03-22 10:52:38",4316936,192791,22
941,"2024-03-29 18:57:31",2170346,94367,28
942,"2024-03-17 19:20:44",8574073,391262,24
943,"2024-03-18 07:11:08",4158634,130386,22
944,"2024-03-29 14:15:52",773754,38168,23
945,"2024-03-13 07:41:43",4983467,96679,2
946,"2024-03-16 13:33:54",965414,7202,2
947,"2024-03-28 21:52:19",1487157,46453,22
948,"2024-03-19 15:00:21",3452862,261083,24
949,"2024-03-24 20:08:43",2536174,202458,2
950,"2024-03-24 10:04:00",2131217,181025,23
951,"2024-03-22 12:14:11",924874,22916,27
952,"2024-03-20 06:09:13",9741606,56276,20
953,"2024-03-24 11:33:16",1207002,45558,22
954,"2024-03-28 11:55:00",1765826,43581,2
955,"2024-04-01 13:21:29",304976,33382,24
956,"2024-03-12 07:17:01",17702991,519514,2
957,"2024-03-16 12:00:00",109651521,4179007,24
958,"2024-03-26 21:21:25",1513313,80155,1
959,"2024-03-29 18:00:22",667465,42081,2
960,"2024-03-28 02:05:01",1187278,32252,22
961,"2024-03-25 20:58:12",1324738,72228,22
962,"2024-03-29 13:23:36",562998,52283,28
963,"2024-03-31 09:15:02",489887,28822,2
964,"2024-03-31 09:00:13",501422,31859,2
965,"2024-03-17 14:08:11",5336688,215162,2
966,"2024-03-26 10:45:00",1494681,90262,2
967,"2024-03-29 16:30:00",552939,21086,2
968,"2024-03-28 22:17:17",545052,26930,2
969,"2024-03-24 02:32:00",1701958,52772,22
970,"2024-03-18 09:00:00",106793958,2877523,2
971,"2024-03-23 12:00:05",629467,None,2
972,"2024-03-16 15:27:26",5833857,26783,22
973,"2024-03-25 10:00:25",1294934,47747,2
974,"2024-03-10 19:29:55",417816,16437,22
975,"2024-03-30 14:31:53",263397,18974,2
976,"2024-03-19 17:46:58",2523242,88941,22
977,"2024-03-27 20:04:14",1639647,13181,2
978,"2024-03-12 22:06:51",476657,4482,2
979,"2024-04-01 11:00:44",473413,45861,2
980,"2024-03-31 15:00:01",751322,52751,2
981,"2024-03-26 06:45:02",1477937,83965,2
982,"2024-03-27 18:00:17",846249,37135,28
983,"2024-03-24 16:30:13",413225,18180,22
984,"2024-03-13 08:00:26",1397214,119329,24
985,"2024-04-01 19:04:00",573442,20342,2
986,"2024-03-28 21:11:23",451548,31272,2
987,"2024-03-18 14:22:08",2520995,170342,2
988,"2024-03-30 10:29:36",587052,32463,2
989,"2024-03-27 08:00:32",903656,40307,2
990,"2024-03-19 19:15:00",1718173,124593,22
991,"2024-03-31 14:00:31",189440,5384,27
992,"2024-03-19 17:30:04",392779,5385,24
993,"2024-03-31 07:59:49",409075,54552,2
994,"2024-03-28 11:54:09",872603,27112,24
995,"2024-03-27 14:59:19",345511,4891,25
996,"2024-03-25 10:00:34",1068127,45781,22
997,"2024-03-31 09:45:02",324109,27482,2
998,"2024-04-01 09:00:15",212123,11845,22
999,"2024-04-01 13:30:49",136289,3136,22
1000,"2024-03-28 12:00:02",866040,12246,2
1001,"2024-03-23 11:02:38",1635538,180244,24
1002,"2024-03-28 13:15:02",1687300,220678,2
1003,"2024-03-17 05:37:16",5661441,469198,22
1004,"2024-03-07 03:52:41",14031176,823846,22
1005,"2024-04-01 15:43:30",250716,15281,2
1006,"2024-03-26 17:43:07",613210,15006,1
1007,"2024-03-30 12:03:56",116026,6660,2
1008,"2024-03-21 20:25:31",2425706,109966,22
1009,"2024-03-13 01:02:05",3407795,261616,2
1010,"2024-03-27 12:10:55",788326,45940,24
1011,"2024-04-01 19:00:12",37427,1715,24
1012,"2024-03-17 20:59:42",997158,28222,22
1013,"2024-03-31 14:58:13",304501,14840,2
1014,"2024-03-24 09:00:41",581786,27454,2
1015,"2024-03-07 21:17:42",10351109,314676,2
1016,"2024-03-14 21:49:08",2824717,145132,2
1017,"2024-03-24 09:06:43",1242420,48852,22
1018,"2024-03-30 08:50:01",371466,9123,24
1019,"2024-03-31 18:00:37",164366,20422,24
1020,"2024-04-01 16:24:09",220591,16203,2
1021,"2024-03-13 21:24:51",4941442,290331,22
1022,"2024-03-30 14:00:21",351376,13312,2
1023,"2024-04-01 10:58:15",97064,3701,2
1024,"2024-03-28 17:14:30",570311,22673,2
1025,"2024-03-15 12:00:18",7068185,313881,24
1026,"2024-03-27 09:38:20",504434,40179,2
1027,"2024-03-10 00:22:47",859869,75248,2
1028,"2024-03-20 14:00:24",1712473,9142,2
1029,"2024-03-26 12:00:21",982366,47540,2
1030,"2024-03-26 17:00:01",926021,82009,24
1031,"2024-03-31 13:00:20",314851,24240,2
1032,"2024-03-19 16:55:04",4006518,100448,22
1033,"2024-04-01 18:48:31",42232,1572,2
1034,"2024-03-28 14:00:31",1402535,66422,2
1035,"2024-03-21 15:44:21",1329271,23643,27
1036,"2024-04-01 09:01:00",89722,5330,2
1037,"2024-03-31 20:00:02",325581,11241,2
1038,"2024-04-01 18:01:01",314274,6992,2
1039,"2024-03-28 15:39:44",633324,28027,2
1040,"2024-02-27 09:40:02",25872919,280168,22
1041,"2024-04-01 06:00:18",86659,9875,2
1042,"2024-03-25 11:59:45",10014564,473903,22
1043,"2024-03-21 10:00:37",1562449,113101,28
1044,"2024-03-27 15:25:12",225135,7996,24
1045,"2024-03-30 00:19:12",593923,5595,26
1046,"2024-03-29 08:15:04",215583,17034,2
1047,"2024-03-21 14:00:23",821148,None,2
1048,"2024-03-29 03:00:21",575210,41311,28
1049,"2024-03-12 15:12:37",1425768,66414,22
1050,"2024-03-31 08:55:39",197013,8433,2
1051,"2024-03-29 17:40:42",282470,16902,2
1052,"2024-04-01 01:47:02",210057,14394,2
1053,"2024-04-01 12:49:24",155918,8012,22
1054,"2024-03-18 21:16:01",24250988,222111,22
1055,"2024-03-31 11:32:02",350855,16876,22
1056,"2024-03-31 08:37:49",361499,13696,22
1057,"2024-03-20 09:42:29",2336551,71198,22
1058,"2024-04-01 20:36:23",100421,6491,2
1059,"2024-03-12 08:13:11",4709324,23953,22
1060,"2024-04-01 08:30:18",81713,8105,2
1061,"2024-03-28 19:51:57",173574,12067,24
1062,"2024-03-12 00:51:12",9449190,167826,22
1063,"2024-04-01 17:00:06",99639,5375,2
1064,"2024-03-31 18:30:07",246648,11962,2
1065,"2024-03-31 07:00:26",133325,11231,24
1066,"2024-03-20 12:00:19",721834,13526,22
1067,"2024-03-04 15:57:26",1070996,80847,2
1068,"2024-03-28 19:59:06",176809,7857,24
1069,"2024-03-27 14:00:19",405117,27223,22
1070,"2024-03-29 13:10:34",333563,17972,2
1071,"2024-03-30 05:43:00",866695,3017,22
1072,"2024-03-08 13:22:01",7427228,437509,22
1073,"2024-03-11 23:00:11",6017543,61325,22
1074,"2024-04-02 07:00:07",163971,17349,2
1075,"2024-03-29 17:19:22",437948,33188,26
1076,"2024-03-30 13:17:39",739862,51944,2
1077,"2024-03-31 10:13:31",159460,6577,2
1078,"2024-03-30 13:00:31",270600,10622,2
1079,"2024-03-14 20:33:45",741947,17158,22
1080,"2024-03-29 16:00:17",196599,15802,2
1081,"2024-03-28 16:12:40",681531,27519,22
1082,"2024-03-16 18:00:30",1004798,20427,2
1083,"2024-03-31 10:00:07",117475,8538,2
1084,"2024-03-27 11:00:25",616675,66361,27
1085,"2024-04-01 22:09:06",145472,11406,2
1086,"2024-03-27 16:57:49",142477,6176,2
1087,"2024-04-01 07:45:03",202950,15387,20
1088,"2024-03-19 18:01:08",686815,26409,2
1089,"2024-03-12 09:00:34",12790614,None,28
1090,"2024-03-08 15:00:07",3239915,250143,2
1091,"2024-04-01 09:00:17",122525,16839,2
1092,"2024-03-31 12:40:48",104824,8334,2
1093,"2024-03-28 06:00:12",1163325,11179,22
1094,"2024-04-01 00:59:22",150127,8248,2
1095,"2024-03-24 08:00:10",775417,16154,2
1096,"2024-03-29 17:52:25",248214,15629,2
1097,"2024-03-19 18:17:14",844276,44335,2
1098,"2024-03-26 11:00:29",955640,8022,2
1099,"2024-03-15 18:42:18",762560,14654,2
1100,"2024-04-02 06:00:02",49338,7261,2
1101,"2024-04-02 12:05:29",49999,8405,22
1102,"2024-03-27 15:20:00",229176,8367,2
1103,"2024-03-31 10:00:25",43666,4745,2
1104,"2024-03-31 11:28:01",204156,10548,2
1105,"2024-04-01 12:00:22",168273,6549,2
1106,"2024-03-24 07:00:19",1256486,44596,2
1107,"2024-03-21 18:05:29",622775,24776,2
1108,"2024-03-06 09:03:07",10231571,340736,1
1109,"2024-03-01 20:12:17",11891562,218910,19
1110,"2024-03-30 17:22:40",839986,47397,24
1111,"2024-03-31 06:00:22",83051,2963,2
1112,"2024-03-11 13:57:27",4014927,50169,2
1113,"2024-03-11 10:30:16",2736524,140984,17
1114,"2024-03-27 22:45:31",175085,3227,2
1115,"2024-03-27 17:42:15",74858,3020,2
1116,"2024-03-30 13:00:28",183208,15053,2
1117,"2024-04-01 19:00:08",95522,10711,2
1118,"2024-03-31 09:00:06",125869,5923,2
1119,"2024-03-26 21:00:07",154355,4444,2
1120,"2024-03-31 13:00:48",542885,14153,2
1121,"2024-03-28 09:22:31",14002690,757887,24
1122,"2024-03-24 20:58:29",9365453,442887,15
1123,"2024-03-26 17:32:24",10508636,700987,24
1124,"2024-03-27 16:01:24",11360495,727512,22
1125,"2024-03-12 10:03:13",6497576,200793,15
1126,"2024-03-20 19:32:51",2852255,169473,1
1128,"2024-03-28 17:33:01",5603384,193687,22
1129,"2024-03-15 06:00:10",54085291,1621340,23
1130,"2024-03-28 10:15:00",3468291,239910,24
1131,"2024-03-20 22:55:40",2523330,97632,22
1132,"2024-03-26 12:00:13",1184768,44887,22
1133,"2024-04-02 15:00:13",503009,58940,22
1134,"2024-03-20 07:30:32",33823047,2237057,22
1135,"2024-03-26 17:35:40",5714527,288976,15
1136,"2024-03-20 22:35:54",19066643,459444,22
1137,"2024-03-27 16:39:18",2289734,179339,24
1138,"2024-03-25 11:56:18",9737197,95285,22
1139,"2024-03-07 08:14:53",47848705,550450,15
1140,"2024-03-19 07:15:43",108412096,2732396,22
1141,"2024-03-23 22:31:00",5455097,245170,1
1142,"2024-03-13 22:38:22",8731580,323840,22
1143,"2024-03-19 08:45:14",4659218,203096,24
1144,"2024-03-24 12:00:32",10560857,375814,22
1145,"2024-03-29 03:17:12",6657131,124803,15
1146,"2024-03-31 08:39:00",1381920,128668,24
1147,"2024-03-16 09:16:57",90310407,512256,15
1148,"2024-03-12 07:54:59",45741265,456651,15
1149,"2024-03-17 06:50:54",12783376,589554,24
1150,"2024-03-20 03:21:33",2173650,154761,22
1151,"2024-03-31 12:00:34",417815,37547,15
1152,"2024-03-19 06:53:04",1663201,84657,22
1153,"2024-03-16 13:00:03",3267894,59360,15
1154,"2024-03-23 19:00:24",3188914,119003,22
1155,"2024-03-12 14:03:36",7650822,473315,27
1156,"2024-03-26 12:03:03",4870925,123091,22
1157,"2024-03-26 15:00:05",3213372,189600,24
1158,"2024-03-20 17:32:11",6363848,431891,10
1159,"2024-03-27 13:15:07",689012,21098,24
1160,"2024-03-28 10:00:42",3228373,155848,24
1161,"2024-03-02 10:51:36",12317955,209276,17
1162,"2024-03-25 11:12:06",2514875,197995,27
1163,"2024-03-26 21:54:37",2047428,190870,22
1164,"2024-03-05 20:00:11",48222493,996441,15
1165,"2024-03-31 14:13:05",712585,28177,24
1166,"2024-03-24 19:27:29",5909483,482527,1
1167,"2024-03-23 18:03:00",2834311,187024,24
1168,"2024-03-14 10:43:39",2366956,154061,24
1169,"2024-03-15 19:10:44",3847224,80974,24
1170,"2024-03-18 10:30:17",4121848,104792,24
1171,"2024-03-17 22:22:58",8837323,100595,22
1172,"2024-03-12 16:50:09",2105926,109843,15
1173,"2024-03-30 16:41:20",942209,87521,22
1174,"2024-03-14 07:12:21",13372847,497484,22
1175,"2024-04-01 11:02:22",225259,20778,24
1176,"2024-03-27 00:31:36",6174081,66844,15
1177,"2024-03-31 15:00:32",395215,48343,15
1178,"2024-03-22 10:22:12",3966644,286294,27
1179,"2024-03-25 13:44:41",2275109,171813,24
1180,"2024-03-29 20:59:15",775238,40762,22
1181,"2024-03-20 17:45:10",5999234,270752,22
1182,"2024-03-27 08:15:22",3529111,367036,22
1183,"2024-03-25 13:00:14",1385611,69692,24
1184,"2024-03-25 03:09:29",1764332,72209,22
1185,"2024-03-31 10:15:36",650882,73654,15
1186,"2024-03-15 09:24:03",7068610,312222,24
1187,"2024-03-28 14:13:48",986642,107342,20
1188,"2024-03-29 17:30:03",929101,72869,23
1189,"2024-03-27 10:00:02",1385875,73939,15
1190,"2024-03-26 14:00:13",1304307,51217,25
1191,"2024-03-22 15:00:23",3113293,146161,1
1192,"2024-03-15 16:49:51",5753683,145371,15
1193,"2024-03-04 01:03:15",4991308,48546,22
1194,"2024-03-15 11:00:22",37954141,525508,24
1195,"2024-03-22 12:00:21",9477607,371119,15
1196,"2024-04-01 09:33:58",581217,31438,15
1197,"2024-03-02 13:30:16",3768670,262485,22
1198,"2024-03-28 10:36:11",2177163,164148,15
1199,"2024-03-25 16:01:22",1039596,80707,22
1200,"2024-03-21 10:38:14",3420649,50388,24
1201,"2024-03-19 18:37:50",7538107,382510,22
1202,"2024-03-18 11:13:31",8813907,192631,15
1203,"2024-03-22 13:45:00",4907870,107076,24
1204,"2024-03-15 12:01:34",2643018,43313,27
1205,"2024-03-31 15:00:20",206870,22600,24
1206,"2024-03-26 15:42:36",1090296,72140,27
1207,"2024-03-16 11:00:39",684673,27303,15
1208,"2024-03-11 13:11:56",10282146,546373,28
1209,"2024-03-19 21:28:19",1849569,57106,15
1210,"2024-03-11 14:22:45",5389125,533861,19
1211,"2024-03-16 07:04:40",8755401,87303,22
1212,"2024-03-22 00:54:22",38226428,787412,15
1213,"2024-03-15 21:31:44",5807638,367729,15
1214,"2024-03-13 22:25:27",373972,19778,22
1215,"2024-03-19 17:30:00",1383165,71746,27
1216,"2024-03-04 15:45:18",27872096,1423635,24
1217,"2024-04-01 13:00:07",364154,24630,26
1218,"2024-03-26 09:59:54",1538204,None,24
1219,"2024-03-26 08:00:32",1206971,54283,24
1220,"2024-03-06 16:36:57",156481151,4756356,24
1221,"2024-03-16 12:51:31",3560338,329627,22
1222,"2024-03-04 17:00:05",1913710,141575,27
1223,"2024-03-30 14:41:16",235428,5032,2
1224,"2024-03-28 12:00:35",728745,61548,22
1225,"2024-04-01 13:34:59",277192,14265,22
1226,"2024-04-01 11:01:24",193679,15940,22
1227,"2024-03-15 22:41:28",837684,58958,10
1228,"2024-03-25 23:54:12",1110040,62396,15
1229,"2024-03-10 15:06:01",18459986,926878,15
1230,"2024-03-28 10:00:00",1994002,150306,15
1231,"2024-03-14 08:00:00",1127566,1243,15
1232,"2024-03-06 21:00:04",1034271,62781,24
1233,"2024-04-01 09:30:31",289273,49950,23
1234,"2024-03-26 14:05:00",2539707,224302,22
1235,"2024-03-24 08:00:57",11593599,477377,24
1236,"2024-03-03 05:49:42",23899230,159802,22
1237,"2024-03-26 19:19:13",1402624,104529,22
1238,"2024-03-23 11:00:13",2395904,175855,27
1239,"2024-04-01 20:00:17",436718,70040,20
1240,"2024-03-29 11:30:07",888337,62298,15
1241,"2024-03-31 12:21:25",191208,15238,22
1242,"2024-03-01 17:58:31",14051235,280156,15
1243,"2024-03-29 22:32:55",104473,1085,25
1244,"2024-03-23 11:00:00",2665231,106888,24
1245,"2024-03-08 07:03:00",8127335,386257,24
1246,"2024-03-15 07:41:53",47234781,1886884,24
1247,"2024-03-25 05:30:10",704754,10222,27
1248,"2024-03-28 01:58:44",1377176,96567,23
1249,"2024-03-08 08:44:48",15169094,298100,15
1250,"2024-03-08 18:00:15",11300788,421908,10
1251,"2024-03-31 22:28:52",189123,18674,23
1252,"2024-03-26 19:50:31",545424,37623,22
1253,"2024-03-31 13:30:05",587654,70501,24
1254,"2024-03-11 15:28:45",3720452,274229,22
1255,"2024-03-28 23:37:39",807312,36657,22
1256,"2024-03-18 15:42:06",1442320,32709,15
1257,"2024-03-19 10:30:34",2434224,108536,22
1258,"2024-03-02 05:09:06",8179872,594722,20
1259,"2024-03-29 18:30:05",15741976,256574,24
1260,"2024-03-08 10:13:16",5851274,320316,15
1261,"2024-03-20 15:22:17",2446510,421420,22
1262,"2024-04-01 06:31:13",414926,17125,24
1263,"2024-03-22 10:00:00",5596264,35476,15
1264,"2024-03-28 21:48:48",888685,74680,24
1265,"2024-03-30 06:37:53",392437,53036,24
1266,"2024-03-17 10:45:00",7400967,398941,15
1267,"2024-03-22 20:19:23",1439403,127433,24
1268,"2024-03-12 12:54:44",3017833,210478,22
1269,"2024-03-31 11:00:44",479759,56434,22
1270,"2024-03-28 18:00:21",469320,55990,15
1271,"2024-03-08 02:10:42",22673740,562866,22
1272,"2024-03-11 22:01:11",7832132,472282,22
1273,"2024-03-20 23:09:07",750837,31694,24
1274,"2024-03-28 20:00:21",7485576,323353,22
1275,"2024-04-01 18:00:19",356699,33138,22
1276,"2024-03-23 12:50:37",9030113,303941,10
1277,"2024-03-15 15:39:25",11957507,514168,15
1278,"2024-03-02 19:38:43",3907267,325407,24
1279,"2024-04-02 08:00:33",49001,892,22
1280,"2024-03-15 09:47:23",7434996,498991,22
1281,"2024-03-14 12:00:20",4150869,19476,28
1282,"2024-03-29 01:34:19",741597,13056,22
1283,"2024-03-29 01:45:19",643311,73911,24
1284,"2024-04-01 00:25:00",274887,21591,24
1285,"2024-02-29 17:26:24",1834963,294555,22
1286,"2024-03-23 22:29:11",1777782,90215,22
1287,"2024-03-30 11:00:21",405076,38611,22
1288,"2024-03-18 09:00:13",366123,11483,15
1289,"2024-03-16 20:27:59",4471824,280478,15
1290,"2024-03-25 19:26:22",867377,134734,23
1291,"2024-03-27 16:22:00",378307,12843,23
1292,"2024-04-01 13:29:00",93440,14214,15
1293,"2024-03-24 16:52:09",1923575,49093,24
1294,"2024-02-27 10:00:33",10258914,None,20
1295,"2024-04-02 03:00:26",78747,13750,23
1296,"2024-03-06 16:37:42",1929737,147304,15
1297,"2024-03-30 17:04:48",277663,38890,24
1298,"2024-03-28 12:12:20",361721,21432,15
1299,"2024-04-02 10:23:26",175986,9848,22
1300,"2024-03-18 05:51:04",6001159,171717,28
1301,"2024-03-16 23:00:00",5421231,210684,15
1302,"2024-03-20 14:30:19",3118505,69488,28
1303,"2024-03-28 11:00:41",619979,50519,15
1304,"2024-03-24 18:21:29",1251002,22072,15
1305,"2024-03-27 10:56:04",94799,1212,22
1306,"2024-03-24 08:00:16",1002992,57391,23
1307,"2024-03-24 16:41:40",1269554,61609,24
1308,"2024-03-23 20:13:25",1791666,35103,15
1309,"2024-03-31 15:02:17",223732,None,15
1310,"2024-03-11 10:10:00",1922836,85521,15
1311,"2024-03-25 18:50:29",572991,13400,24
1312,"2024-02-26 02:41:18",28729111,326426,22
1313,"2024-03-26 06:47:00",4587697,80973,15
1314,"2024-03-16 22:37:16",40043717,1261552,24
1315,"2024-03-31 16:00:44",128513,16855,22
1316,"2024-03-09 23:14:43",3089369,128660,15
1317,"2024-03-26 12:00:08",981939,31609,24
1318,"2024-03-23 19:15:28",941119,106742,22
1319,"2024-03-22 21:39:20",22084648,409595,22
1320,"2024-03-22 13:30:28",1192066,76691,24
1323,"2024-04-01 12:07:25",3114881,350099,23
1325,"2024-03-27 10:30:07",19687793,1193451,19
1328,"2024-03-28 16:00:01",4466723,370571,22
1330,"2024-03-27 01:19:04",8154855,648162,20
1331,"2024-03-26 08:44:22",7335306,429519,24
1333,"2024-03-31 12:52:13",9726336,308319,26
1334,"2024-03-31 22:34:51",3125881,166623,24
1336,"2024-03-28 16:00:02",3812275,286563,24
1338,"2024-03-20 22:17:06",13864245,522267,22
1339,"2024-03-28 15:16:10",6980438,276955,24
1340,"2024-03-24 15:00:14",16136187,1100524,17
1342,"2024-03-26 20:48:24",6658095,None,22
1344,"2024-03-26 17:28:56",10764924,622214,22
1346,"2024-03-25 12:00:47",12241490,731080,22
1347,"2024-03-25 11:00:02",6895920,505736,22
1348,"2024-03-24 14:16:06",8065507,294908,20
1352,"2024-03-31 11:30:07",1393261,222644,23
1353,"2024-04-01 11:00:37",1980844,167312,24
1354,"2024-03-28 08:00:26",5123578,329262,24
1355,"2024-04-01 11:01:37",3524810,213230,28
1356,"2024-03-26 17:27:33",6218894,425795,22
1357,"2024-03-28 11:53:55",5704466,117419,22
1359,"2024-03-31 12:30:16",1164206,105736,24
1360,"2024-03-27 17:00:07",4657814,356786,20
1361,"2024-03-26 14:01:36",12028756,441930,23
1364,"2024-03-28 20:46:18",3125694,224597,22
1365,"2024-03-27 11:23:48",6959879,559020,23
1366,"2024-03-28 13:20:00",5747735,531828,23
1367,"2024-03-27 15:55:15",4345944,301490,22
1368,"2024-03-28 19:30:02",2663032,117103,22
1369,"2024-03-26 11:34:01",22339606,938080,24
1370,"2024-03-30 16:00:17",3786452,103808,22
1371,"2024-03-28 18:27:06",4487917,239908,27
1372,"2024-03-24 03:12:08",8276404,280194,22
1374,"2024-04-01 10:15:02",2027096,187454,24
1376,"2024-03-26 10:47:49",14959951,1020740,24
1377,"2024-03-25 20:21:11",5784661,381060,27
1378,"2024-03-21 17:34:32",18295980,1035103,24
1379,"2024-03-28 20:04:37",3654429,425233,23
1380,"2024-03-25 15:08:43",5506203,452119,23
1381,"2024-03-26 19:13:40",7959129,538066,24
1382,"2024-03-24 10:00:41",15624115,728938,1
1383,"2024-03-21 09:39:26",7101757,420155,24
1384,"2024-03-28 13:00:30",14226510,510705,22
1385,"2024-03-30 15:35:00",1772348,74064,1
1387,"2024-03-30 13:00:14",1578464,89499,24
1388,"2024-03-31 15:21:39",2398921,155603,10
1390,"2024-03-23 11:29:28",5419825,265767,23
1391,"2024-03-24 16:00:15",10205898,630255,20
1392,"2024-03-20 11:01:00",17585497,1226667,22
1393,"2024-03-26 18:00:07",2608294,220174,22
1395,"2024-03-26 16:45:20",8677404,520219,22
1397,"2024-03-26 14:36:43",4651417,166261,22
1400,"2024-03-26 09:41:21",3386267,286698,23
1401,"2024-03-21 13:22:54",7033117,286750,22
1402,"2024-03-08 16:11:02",18169508,861756,22
1403,"2024-03-30 17:19:04",1014482,80199,20
1406,"2024-03-29 11:21:53",2540919,None,24
1407,"2024-04-01 16:20:34",939859,82957,24
1408,"2024-03-30 14:00:01",3124781,146447,24
1409,"2024-03-18 10:31:00",8670741,435781,23
1410,"2024-03-28 21:00:17",3107912,119875,22
1411,"2024-03-23 14:42:34",3948025,358987,22
1412,"2024-03-30 15:15:00",2487835,242537,24
1413,"2024-03-25 10:54:45",2919061,142567,23
1414,"2024-03-21 18:18:57",112128824,2363963,23
1415,"2024-04-01 16:08:53",923786,126874,23
1416,"2024-03-26 12:09:57",4661200,461866,23
1417,"2024-03-28 18:36:14",4705073,249135,24
1420,"2024-03-28 15:00:08",3364244,201587,23
1422,"2024-03-19 11:06:45",24446591,1843202,24
1423,"2024-03-31 08:45:00",3921201,218266,23
1424,"2024-03-29 09:00:32",2471626,226583,23
1425,"2024-03-25 15:42:13",5065656,499184,22
1426,"2024-03-21 12:33:27",18163012,856523,22
1427,"2024-03-28 03:14:21",12338430,1027104,22
1428,"2024-03-26 20:00:18",4371444,334726,23
1429,"2024-03-24 12:30:10",4185476,337885,24
1431,"2024-03-29 13:15:54",2750023,209853,22
1433,"2024-03-29 13:00:15",2086045,43619,22
1435,"2024-03-08 14:48:14",2164536,95522,24
1436,"2024-03-23 14:57:00",3682326,439883,22
1437,"2024-03-28 18:19:13",2561844,210096,20
1439,"2024-03-22 19:20:07",9486223,234352,27
1440,"2024-04-01 09:13:51",2164220,221054,22
1441,"2024-03-24 10:31:41",4665998,397288,23
1442,"2024-03-30 05:22:00",6241389,165066,24
1443,"2024-02-27 04:00:51",15007421,647323,10
1444,"2024-03-31 04:00:13",4022810,None,24
1447,"2024-03-31 01:00:36",6628734,280117,22
1448,"2024-03-27 18:46:06",2558241,222226,24
1451,"2024-03-25 20:26:09",2854840,139575,24
1452,"2024-03-29 19:00:37",2495277,135078,24
1453,"2024-04-01 06:50:52",2869041,180037,1
1454,"2024-03-31 05:55:39",1615156,121678,22
1455,"2024-03-27 23:53:10",2343035,223757,22
1456,"2024-03-27 11:07:29",3528126,133173,24
1459,"2024-03-24 15:23:02",8112376,609226,22
1460,"2024-03-30 09:30:20",3708330,167813,1
1461,"2024-03-31 14:15:01",623851,70856,22
1463,"2024-03-23 11:23:09",2771641,179772,27
1464,"2024-03-25 10:45:02",12052502,469474,1
1465,"2024-03-30 04:26:56",2473465,133765,24
1466,"2024-03-24 13:44:19",3631820,244210,22
1467,"2024-03-23 23:07:09",11362951,577262,23
1468,"2024-03-26 15:05:44",5847911,211133,24
1469,"2024-03-26 10:06:46",1461130,60550,17
1471,"2024-03-29 15:38:09",2964496,88058,23
1472,"2024-03-19 06:01:21",30385304,2071521,22
1474,"2024-03-28 17:01:53",1777187,189169,22
1475,"2024-03-28 07:57:21",1394978,108883,22
1476,"2024-03-31 10:06:36",1162218,65465,23
1477,"2024-03-25 16:17:23",8330553,212592,22
1478,"2024-03-31 12:00:40",707909,94591,22
1479,"2024-03-26 13:36:51",4407574,439649,24
1480,"2024-03-25 14:31:26",9726944,288117,22
1481,"2024-03-18 09:41:28",13745464,638640,22
1482,"2024-03-18 10:06:16",13687820,586159,24
1483,"2024-03-27 10:00:30",3696424,213710,24
1484,"2024-04-01 12:41:42",846459,57749,22
1486,"2024-03-25 11:00:31",2819897,168426,22
1487,"2024-03-31 18:30:06",1025885,63341,17
1488,"2024-03-30 16:24:14",1176282,124247,22
1489,"2024-03-24 12:00:12",33805833,674652,22
1490,"2024-04-01 15:46:57",580941,33372,22
1491,"2024-03-28 10:54:01",2193862,153757,22
1493,"2024-03-24 23:02:06",4223314,278098,22
1494,"2024-03-28 15:58:17",1611141,162022,22
1495,"2024-04-01 12:00:39",508865,44696,22
1497,"2024-03-26 17:31:36",3019125,172948,24
1498,"2024-03-20 15:23:15",12589290,595751,24
1499,"2024-03-27 19:00:25",4830461,293837,24
1500,"2024-03-20 17:06:59",16679542,677227,24
1501,"2024-03-30 10:00:10",1511217,86701,26
1502,"2024-03-24 12:53:50",3988883,210653,24
1503,"2024-03-31 14:42:42",434175,18308,19
1504,"2024-03-25 09:00:03",6526271,575037,23
1505,"2024-04-01 16:00:02",687295,61146,22
1506,"2024-03-29 16:01:50",1650120,71821,24
1507,"2024-04-01 21:50:00",1616129,146654,24
1510,"2024-04-01 13:30:00",1240618,125152,24
1511,"2024-03-28 16:04:02",2628432,None,10
1513,"2024-03-26 16:51:05",4076031,276226,22
1515,"2024-03-29 20:00:08",3265376,57514,22
1516,"2024-03-24 19:22:53",6572894,242527,24
1531,"2024-03-30 10:00:07",9761376,162557,24
1546,"2024-03-31 14:00:20",3798287,184656,24
1552,"2024-04-01 23:50:00",1518962,44857,24
1557,"2024-03-28 23:25:58",1673891,120028,17
1572,"2024-03-13 17:24:49",9981761,791308,24
1578,"2024-03-28 14:13:35",1749171,None,24
1579,"2024-04-01 18:53:17",1441094,82584,24
1580,"2024-03-26 09:16:00",9292930,297231,22
1584,"2024-03-29 11:35:07",2316120,221425,24
1586,"2024-03-22 18:27:37",7733880,464959,24
1587,"2024-04-01 18:50:16",540961,15829,24
1591,"2024-04-01 15:56:42",1269231,132182,22
1599,"2024-03-26 13:19:39",29635074,468514,22
1600,"2024-04-01 19:01:17",500679,43636,23
1605,"2024-03-22 11:37:27",16776408,367610,22
1606,"2024-03-31 11:35:38",3375784,57200,22
1610,"2024-04-01 02:56:18",754381,87529,10
1611,"2024-04-01 12:00:20",705906,80739,22
1615,"2024-03-29 23:00:41",1048813,22632,25
1617,"2024-03-19 11:16:48",9053852,471916,23
1619,"2024-04-01 11:27:54",994696,61247,24
1621,"2024-03-31 14:00:00",412818,31318,22
1627,"2024-03-10 16:00:15",13223752,384659,24
1631,"2024-03-28 18:16:30",1067030,111579,23
1632,"2024-03-28 15:14:55",2071741,172221,23
1634,"2024-03-28 15:00:27",1367576,96718,1
1635,"2024-03-21 17:13:07",10021423,564329,23
1636,"2024-04-01 13:40:09",594638,40529,23
1638,"2024-03-30 16:34:56",1069129,None,24
1641,"2024-03-21 17:44:10",12491576,178995,23
1644,"2024-03-27 16:00:21",1280494,125388,23
1645,"2024-03-23 11:59:59",31553903,1354288,22
1648,"2024-04-01 21:00:17",282998,35826,22
1650,"2024-03-30 10:38:07",2666624,87642,22
1651,"2024-03-18 08:41:06",17926558,1102782,1
1655,"2024-03-31 14:26:44",413522,None,20
1658,"2024-03-26 14:59:22",1975142,90607,24
1663,"2024-03-29 19:53:52",659177,122854,20
1665,"2024-04-01 18:15:02",458403,36982,17
1666,"2024-03-25 16:27:42",1984017,184726,24
1667,"2024-03-26 20:01:44",2707928,45739,23
1670,"2024-03-27 13:33:23",1070386,90985,23
1671,"2024-03-23 20:45:02",1537589,91527,22
1672,"2024-03-20 00:30:00",2250984,69805,23
1675,"2024-03-29 11:20:37",683213,33719,24
1676,"2024-03-29 01:08:42",1264901,65351,24
1681,"2024-04-01 13:42:18",477997,59619,23
1683,"2024-03-09 15:17:56",7725610,None,24
1684,"2024-04-01 18:21:00",379816,52119,23
1685,"2024-03-22 20:39:38",1168806,91246,22
1687,"2024-03-29 11:14:20",791541,104332,22
1690,"2024-03-23 13:37:15",11518134,136890,24
1692,"2024-03-31 18:29:31",187553,15649,24
1695,"2024-03-19 17:27:21",7569633,401338,24
1697,"2024-03-31 14:00:02",451391,29651,27
1698,"2024-04-01 15:06:08",242262,8255,22
1700,"2024-03-27 16:30:04",959656,68826,24
1703,"2024-03-31 12:00:05",747938,54240,22
1708,"2024-03-29 16:10:55",653546,18572,22
1710,"2024-03-29 13:04:59",1255765,20046,22
1712,"2024-03-29 12:08:13",1200611,131955,23
1715,"2024-03-28 23:19:35",2218150,113726,24
1717,"2024-03-30 22:00:12",378523,18688,23
1721,"2024-03-30 12:00:01",72231462,3786422,24
1722,"2024-03-23 14:43:55",117734517,6657602,24
1723,"2024-04-01 10:30:06",6447501,601036,19
1724,"2024-03-21 20:15:01",41764288,2233951,22
1725,"2024-03-27 07:30:31",12147616,1065034,22
1726,"2024-03-23 20:25:57",13096509,517082,17
1727,"2024-03-26 16:51:44",23586909,768247,22
1728,"2024-03-29 04:30:09",7807798,428679,17
1730,"2024-03-29 14:56:42",7144568,408870,28
1731,"2024-03-26 11:43:16",14882810,546648,22
1733,"2024-03-27 14:24:54",11832275,463744,24
1734,"2024-03-28 21:00:25",18196736,760581,22
1735,"2024-03-27 17:23:49",5782112,350465,28
1737,"2024-04-01 15:01:47",2641634,None,22
1738,"2024-03-22 18:43:08",9580666,556761,19
1739,"2024-03-25 12:00:11",12438575,954768,22
1740,"2024-03-20 15:00:22",5655925,235992,24
1742,"2024-03-26 08:00:36",41287961,1278860,17
1743,"2024-03-26 15:58:37",8781219,523077,24
1745,"2024-03-29 12:00:25",6454631,467409,22
1746,"2024-03-26 19:21:52",6891958,530690,24
1747,"2024-03-23 11:00:43",7055405,277653,25
1748,"2024-04-02 11:00:05",1959239,143563,24
1749,"2024-03-26 13:04:00",55194720,2100329,24
1750,"2024-04-01 11:42:23",1509819,145096,22
1751,"2024-03-25 00:56:53",10831984,1086183,23
1752,"2024-03-23 12:10:51",6006876,284324,22
1753,"2024-03-30 11:00:08",6051101,184394,24
1754,"2024-03-20 09:27:10",166221473,4352503,26
1755,"2024-03-28 00:51:08",3274838,184892,20
1756,"2024-03-19 10:00:29",43723001,1049732,15
1757,"2024-04-01 15:00:06",2908890,210555,24
1759,"2024-04-01 08:02:02",1984293,149909,24
1760,"2024-03-26 17:33:51",4302593,306406,22
1761,"2024-04-01 17:03:19",1487918,156447,22
1762,"2024-03-27 14:09:31",8703518,357663,26
1763,"2024-03-19 13:35:53",13120133,529795,22
1764,"2024-03-31 14:23:02",3359989,172697,24
1765,"2024-03-31 08:00:07",5990523,158323,22
1766,"2024-03-31 06:00:07",1913137,109949,27
1767,"2024-03-17 15:17:16",9710150,696721,22
1768,"2024-03-20 02:53:30",42038513,295481,22
1769,"2024-03-28 12:00:27",5773077,243561,22
1770,"2024-03-20 08:40:44",162320299,3948022,24
1771,"2024-03-26 09:50:27",2499344,None,26
1772,"2024-03-24 10:00:39",7744713,438009,24
1774,"2024-03-25 10:57:23",6323056,408603,22
1775,"2024-03-25 14:00:32",13648165,479199,24
1776,"2024-03-14 17:46:08",33434395,1374101,22
1777,"2024-03-15 13:53:00",4529280,231449,24
1778,"2024-03-27 11:13:12",6631008,460867,24
1779,"2024-03-04 20:45:01",14277364,601107,24
1780,"2024-03-30 00:48:14",11784344,705979,24
1781,"2024-04-01 11:00:07",2102824,67019,22
1782,"2024-03-31 14:18:30",4242955,181909,24
1784,"2024-04-01 14:00:22",917550,101786,22
1785,"2024-03-20 15:50:54",24364476,547708,26
1786,"2024-03-30 10:00:36",3603808,142841,17
1787,"2024-04-01 13:15:02",1377297,142553,24
1788,"2024-04-01 20:03:21",1805506,183880,24
1789,"2024-03-26 13:36:21",3292460,172920,25
1790,"2024-03-25 07:42:36",24592772,1059470,22
1791,"2024-03-26 16:16:08",4092301,189545,20
1792,"2024-04-01 15:23:19",1746013,80538,24
1793,"2024-03-23 10:52:42",11267888,378546,22
1794,"2024-03-24 18:43:48",7742950,559894,27
1795,"2024-03-08 05:00:16",59417901,870966,22
1797,"2024-04-01 19:47:18",1426439,None,22
1799,"2024-03-28 13:31:42",2076984,126156,25
1800,"2024-03-23 11:36:05",7440994,111517,23
1801,"2024-03-26 08:02:56",3961165,316488,22
1802,"2024-03-21 16:28:14",10262398,686328,22
1803,"2024-03-27 23:31:37",9059274,352453,17
1804,"2024-03-29 13:43:28",3163557,296960,1
1805,"2024-03-26 16:05:00",4403403,392028,26
1806,"2024-03-28 14:12:03",5315984,314491,22
1807,"2024-03-31 11:25:00",2552051,153519,23
1808,"2024-03-26 12:27:23",4678742,208680,24
1809,"2024-03-28 09:38:40",9619323,312487,10
1810,"2024-03-20 20:06:11",14222619,812762,22
1811,"2024-03-29 16:45:01",1736825,97892,22
1812,"2024-03-27 21:00:18",3337653,202372,22
1813,"2024-03-31 13:19:43",2476038,132674,24
1814,"2024-03-29 05:23:11",22809892,252719,24
1815,"2024-03-31 09:52:12",988518,65896,24
1816,"2024-03-15 15:52:57",18612684,718675,22
1817,"2024-03-25 07:51:11",8572107,305481,22
1818,"2024-04-01 20:22:27",1324531,84047,22
1819,"2024-03-23 10:55:17",25818983,770029,17
1820,"2024-03-25 12:00:04",3992779,228418,1
1821,"2024-03-23 12:32:41",9273380,422358,22
1822,"2024-03-28 23:23:21",1094272,84364,24
1823,"2024-03-25 15:00:26",5948177,444792,22
1824,"2024-03-23 18:28:58",3341140,236685,22
1826,"2024-03-26 22:00:31",5225097,187299,24
1827,"2024-03-30 10:00:31",2940808,188313,24
1828,"2024-04-01 00:00:00",1689546,95317,24
1829,"2024-03-25 12:03:00",4591986,150416,1
1832,"2024-03-28 13:30:03",2626872,171315,22
1833,"2024-03-28 04:14:10",3735191,189291,24
1834,"2024-03-20 16:49:40",11067356,947346,24
1835,"2024-03-28 19:21:48",5146542,520742,24
1836,"2024-03-22 00:16:36",18537845,270180,22
1837,"2024-03-23 06:18:33",95649488,2454190,26
1838,"2024-03-29 09:45:04",1703687,221545,23
1839,"2024-03-21 11:40:39",18444105,1381646,22
1840,"2024-03-24 05:21:39",13932792,292631,22
1841,"2024-03-29 15:49:22",1388417,122117,24
1842,"2024-03-30 08:18:30",20233322,None,24
1843,"2024-03-12 00:48:17",23863530,217609,22
1844,"2024-03-14 23:00:35",21428209,563929,17
1845,"2024-03-26 15:22:51",6622211,214815,17
1846,"2024-03-22 03:05:24",8895213,305107,22
1847,"2024-03-30 09:00:10",892797,51143,25
1848,"2024-03-15 18:23:47",3079747,265693,22
1849,"2024-03-18 10:22:32",15581773,794736,22
1852,"2024-03-12 15:00:10",4226042,283922,22
1853,"2024-03-24 19:07:20",2987230,68410,24
1854,"2024-04-01 08:39:00",1688576,101422,24
1857,"2024-03-31 16:00:15",1964326,158461,22
1858,"2024-04-01 14:14:34",734218,None,24
1859,"2024-03-28 07:29:43",1947424,203114,24
1860,"2024-03-28 09:02:29",4444592,135246,22
1861,"2024-03-24 15:32:56",8195123,614567,22
1862,"2024-03-31 05:00:13",601400,14934,22
1863,"2024-03-31 13:46:33",856908,78033,22
1864,"2024-03-31 11:07:12",2930944,84639,24
1865,"2024-03-18 09:00:50",17422072,840392,17
1866,"2024-03-19 08:22:03",4659224,239409,17
1867,"2024-03-18 12:59:40",1053521,46844,27
1868,"2024-03-14 08:23:20",10594299,198816,22
1869,"2024-03-27 15:05:51",4263409,253291,24
1870,"2024-03-26 14:30:24",5970633,316386,24
1871,"2024-03-24 01:00:12",2634389,106183,19
1873,"2024-03-18 09:09:00",13427449,569509,24
1874,"2024-03-26 18:15:09",21310155,909926,22
1875,"2024-03-28 18:15:01",4597002,231912,15
1876,"2024-03-30 11:56:24",2050668,94909,22
1877,"2024-03-15 06:16:56",126062620,2706978,22
1878,"2024-04-01 15:15:04",683094,89653,20
1879,"2024-03-23 13:25:53",3305946,86211,24
1880,"2024-03-29 11:00:34",1079959,38133,24
1881,"2024-03-21 14:51:03",3899879,265100,22
1882,"2024-03-29 13:30:02",1412155,88037,10
1883,"2024-03-26 13:10:00",5056884,116328,17
1884,"2024-03-26 13:28:17",14844447,520623,22
1885,"2024-03-25 09:53:07",4184836,438830,26
1886,"2024-03-22 13:21:54",17035053,723150,24
1887,"2024-03-24 03:35:00",8941136,None,22
1888,"2024-03-30 23:00:09",1094715,121716,27
1889,"2024-03-23 08:59:41",6799739,429602,24
1890,"2024-03-14 13:59:18",20428074,906229,24
1893,"2024-03-26 13:00:38",1871653,87788,24
1894,"2024-03-25 10:00:29",4404390,252473,1
1895,"2024-03-24 15:47:38",5045116,492823,26
1896,"2024-03-27 21:51:57",3348520,228580,22
1897,"2024-03-28 19:36:21",1923678,106107,22
1898,"2024-03-15 21:05:32",14968749,540245,22
1900,"2024-03-18 16:25:03",3273491,118626,26
1901,"2024-03-16 21:37:43",50545190,525495,22
1902,"2024-03-15 18:00:30",57364452,2308915,22
1903,"2024-03-21 02:00:00",120747662,3477977,22
1904,"2024-03-11 13:24:00",3173313,205241,28
1905,"2024-03-15 22:53:00",2752863,271901,22
1906,"2024-04-01 05:45:35",1138705,117635,22
1907,"2024-03-28 13:52:20",969601,58891,24
1909,"2024-03-27 17:49:48",2398766,231785,23
1910,"2024-03-26 00:25:45",15685954,222395,22
1911,"2024-03-27 18:02:01",1869624,143529,24
1912,"2024-03-24 14:10:44",3990590,326227,24
1913,"2024-03-30 17:03:41",1130840,87260,17
1914,"2024-03-21 16:50:00",5934751,372256,26
1915,"2024-04-01 10:51:49",766327,68172,22
1917,"2024-04-01 11:25:24",491630,26965,22
1918,"2024-03-26 15:30:27",6897206,606456,22
1919,"2024-03-27 20:40:58",1535212,59417,22
32930,"2024-04-02 23:30:08",356652,15915,10
32934,"2024-04-04 06:27:12",990890,38509,10
32935,"2024-03-31 18:09:55",97905,1678,10
32936,"2024-04-03 20:00:30",8532087,1204870,24
32938,"2024-04-03 05:00:08",3040555,298078,10
32943,"2024-04-04 11:00:01",3379495,438181,22
32944,"2024-04-02 10:30:19",2190740,47011,10
32945,"2024-04-03 12:00:06",1540990,147913,10
32948,"2024-04-03 18:00:06",25966,1432,22
32952,"2024-04-02 22:44:34",60981,2936,22
32954,"2024-03-24 02:30:05",5542709,761793,22
32955,"2024-04-03 11:32:47",75101,7367,24
32957,"2024-03-31 09:00:20",260799,18865,22
32958,"2024-04-03 17:00:06",53083,3196,24
32959,"2024-04-03 19:22:45",44113,2305,22
32962,"2024-04-04 11:00:02",20274,554,22
32964,"2024-04-03 20:30:12",256038,10775,22
32966,"2024-04-04 19:51:34",10178,1819,22
32970,"2024-04-01 10:45:06",152192,6565,24
32971,"2024-03-31 08:11:03",490341,None,22
32974,"2024-04-03 15:24:26",58572,4000,24
32980,"2024-03-31 13:00:06",44567,1699,1
32981,"2024-04-03 19:00:02",45503,2042,22
32984,"2024-03-24 14:23:40",297417,11660,22
32985,"2024-04-02 16:32:58",21052,612,24
32986,"2024-03-28 17:35:29",98308,8618,24
32987,"2024-04-02 16:07:29",36138,3020,22
32990,"2024-03-28 09:38:53",39493,1189,22
32992,"2024-03-28 12:52:15",104643,2860,22
32993,"2024-03-26 10:26:53",118110,3071,22
32994,"2024-03-31 04:59:05",46281,6189,22
32997,"2024-03-14 10:57:50",365704,17449,26
32999,"2024-03-29 14:24:33",77845,5771,19
33000,"2024-03-29 01:30:01",675102,33872,19
33003,"2024-03-23 22:00:07",316829,7459,22
33004,"2024-03-28 18:07:50",29329,2145,19
33005,"2024-03-26 11:37:01",104430,1486,22
33006,"2024-03-27 11:06:31",58037,2877,22
33008,"2024-03-19 13:53:28",2031203,21925,22
33009,"2024-03-17 16:39:29",760390,27418,24
33010,"2024-03-19 07:30:33",117901,4827,24
33011,"2024-04-04 11:00:59",1161348,189878,24
33012,"2024-04-04 12:00:30",508694,76780,20
33013,"2024-04-04 13:15:01",345486,23006,20
33014,"2024-04-04 06:00:15",755878,91547,20
33015,"2024-04-04 16:00:05",213657,22433,20
33016,"2024-04-04 11:30:11",496548,68467,1
33017,"2024-04-04 14:45:01",188767,31616,24
33018,"2024-04-04 13:00:23",375615,98671,20
33019,"2024-04-04 13:56:30",546263,35804,28
33020,"2024-04-04 09:32:12",236781,18384,22
33021,"2024-04-04 08:34:32",310034,41724,27
33022,"2024-04-04 15:00:30",142685,9157,20
33023,"2024-04-04 16:42:26",220542,16811,20
33024,"2024-04-04 12:00:37",466567,27717,20
33025,"2024-04-04 13:00:32",307032,32570,22
33026,"2024-04-04 15:00:10",416083,18957,20
33027,"2024-04-04 02:29:32",489871,28394,20
33028,"2024-04-04 08:30:21",324520,12605,20
33029,"2024-04-04 14:12:11",127194,12587,20
33030,"2024-04-03 16:15:00",887252,118820,20
33031,"2024-04-04 06:00:19",2159935,90428,20
33032,"2024-04-04 12:00:06",271548,32966,20
33033,"2024-04-04 12:00:05",120351,16085,20
33034,"2024-04-03 17:38:23",913642,54959,20
33035,"2024-04-02 23:19:02",240727,10476,20
33036,"2024-04-04 17:52:14",302228,12686,20
33037,"2024-04-04 16:53:04",64897,7541,20
33038,"2024-04-04 17:39:24",216782,8544,20
33039,"2024-04-04 20:00:00",79447,17901,20
33040,"2024-04-04 14:00:22",265502,15474,24
33041,"2024-04-04 09:35:00",137485,9085,20
33042,"2024-04-04 17:48:00",104746,6913,20
33043,"2024-04-04 12:47:32",385682,16619,27
33044,"2024-04-04 19:30:02",59813,6723,20
33045,"2024-04-04 18:16:31",129074,8489,20
33046,"2024-04-04 07:46:04",1392904,44675,23
33047,"2024-04-04 13:00:27",207990,37729,20
33048,"2024-04-04 20:15:37",554814,2509,20
33049,"2024-04-04 05:17:05",284779,34573,20
33050,"2024-04-04 16:00:59",91640,None,22
33051,"2024-04-04 13:04:06",337763,69093,20
33052,"2024-04-04 14:11:24",198094,15479,22
33053,"2024-04-04 15:00:03",76739,7794,20
33054,"2024-04-04 12:00:14",76396,14107,20
33055,"2024-04-04 09:00:13",147530,9492,20
33056,"2024-04-04 09:30:23",103595,12370,20
33057,"2024-04-04 09:00:30",156908,24037,24
33058,"2024-04-04 14:00:14",206130,15408,20
33060,"2024-04-04 08:39:11",67568,3518,20
33061,"2024-04-03 16:53:53",281778,25044,20
33062,"2024-04-02 08:15:08",307834,8638,20
33063,"2024-04-03 15:01:00",649362,47054,20
33064,"2024-04-03 08:04:40",576208,55425,24
33065,"2024-04-04 07:54:02",174993,3863,20
33066,"2024-04-03 19:41:41",358592,43059,20
33067,"2024-04-04 09:00:52",162019,6801,20
33068,"2024-04-03 14:25:31",437331,67324,20
33069,"2024-04-04 09:00:29",178851,13834,20
33070,"2024-04-01 14:48:32",610467,34746,20
33071,"2024-04-04 05:01:10",1201331,93942,20
33072,"2024-04-03 18:47:25",214190,26893,24
33073,"2024-04-04 04:43:11",147297,28069,27
33074,"2024-04-04 16:03:56",575041,7548,20
33075,"2024-04-03 13:00:29",520887,63920,20
33076,"2024-04-03 03:17:00",6615266,371735,20
33077,"2024-04-03 12:00:10",316753,47983,20
33078,"2024-04-04 07:22:25",730592,5508,20
33079,"2024-04-03 10:52:19",564061,68825,20
33080,"2024-04-03 16:04:56",283541,17694,20
33081,"2024-04-03 15:45:22",398679,18849,20
33082,"2024-04-03 19:10:35",285671,24421,20
33083,"2024-04-03 14:48:27",204774,13662,20
33084,"2024-04-03 11:30:03",684555,55841,20
33085,"2024-04-03 23:04:07",190811,17450,22
33086,"2024-04-03 14:00:17",402497,27069,20
33087,"2024-04-03 22:12:03",652828,17518,20
33088,"2024-04-03 13:05:31",207096,22097,24
33089,"2024-04-03 11:59:28",213986,19821,20
33090,"2024-04-03 12:45:01",715090,51624,20
33091,"2024-04-03 19:02:57",177989,15155,20
33092,"2024-04-03 10:30:19",565605,39332,23
33093,"2024-04-03 15:00:31",658104,22734,20
33094,"2024-04-03 13:00:03",161555,11358,20
33095,"2024-04-03 12:00:37",214042,21945,20
33096,"2024-04-03 03:11:22",315079,22250,20
33097,"2024-04-03 20:37:25",99749,6845,20
33098,"2024-04-03 19:13:28",445078,9638,20
33099,"2024-04-03 08:34:16",271976,23076,20
33100,"2024-04-04 02:47:37",210868,6622,20
33101,"2024-04-02 16:45:01",1622729,87251,20
33102,"2024-04-03 12:00:14",656480,15644,20
33103,"2024-04-03 12:28:54",158518,18415,1
33104,"2024-04-03 06:00:14",522006,46225,20
33105,"2024-04-03 10:00:00",506820,22321,20
33106,"2024-04-03 15:08:55",62023,2845,20
33108,"2024-04-03 19:01:52",471857,7974,20
33109,"2024-04-03 14:08:46",376838,65342,1
33110,"2024-04-03 08:30:33",568791,89657,20
33111,"2024-04-03 08:39:50",246945,21518,20
33112,"2024-04-03 06:00:40",175816,8167,24
33113,"2024-04-02 14:24:58",531420,45999,24
33114,"2024-04-03 05:00:20",4997840,360609,1
33118,"2024-04-02 19:30:06",118093,1051,25
33120,"2024-04-02 18:41:33",108826,1547,25
33121,"2024-04-03 03:30:03",90413,595,25
33122,"2024-04-04 11:52:43",1013632,92056,25
33125,"2024-04-03 16:38:26",469188,12312,25
33126,"2024-04-02 21:21:07",727350,29794,1
33127,"2024-04-04 06:45:00",265026,4483,25
33128,"2024-04-02 15:00:01",503407,8641,25
33129,"2024-03-21 14:30:03",1193684,33132,22
33130,"2024-04-03 20:09:50",229867,18295,25
33132,"2024-04-02 17:44:18",131126,7168,25
33133,"2024-04-02 20:47:01",53665,1183,25
33134,"2024-03-19 17:04:14",13098092,675089,25
33136,"2024-04-03 03:39:25",900900,6356,25
33138,"2024-04-03 16:08:54",20426,2351,25
33139,"2024-04-02 22:40:00",1802880,24870,25
33140,"2024-04-02 21:14:25",775817,3547,25
33141,"2024-04-03 08:30:07",488867,2979,24
33142,"2024-04-02 21:23:23",731563,2846,25
33144,"2024-04-04 06:00:29",71438,4801,22
33145,"2024-04-03 20:46:06",397361,46699,2
33146,"2024-04-01 20:15:30",57306,1115,25
33147,"2024-04-03 22:00:03",684475,6747,25
33149,"2024-04-04 08:22:40",328625,1927,25
33150,"2024-04-03 18:00:26",77776,4805,25
33153,"2024-03-15 16:35:15",13721857,445605,25
33154,"2024-04-03 09:30:07",260335,898,25
33156,"2024-03-23 14:00:13",3008907,25591,25
33157,"2024-04-01 15:36:21",59509,541,25
33158,"2024-04-03 12:49:27",321037,21332,25
33160,"2024-04-02 17:45:36",44689,2134,25
33161,"2024-04-03 03:55:53",200183,7423,25
33162,"2024-04-04 10:30:07",83970,3578,25
33164,"2024-04-02 15:30:02",273528,6187,24
33167,"2024-04-03 18:00:01",719365,17919,25
33170,"2024-04-03 07:00:23",201112,4955,25
33172,"2024-04-03 14:21:40",29304,2810,25
33173,"2024-04-04 07:00:07",149523,6016,25
33174,"2024-04-04 16:04:12",36357,2254,25
33175,"2024-04-04 09:00:20",117133,1591,24
33177,"2024-04-03 11:23:15",397014,6158,17
33179,"2024-04-03 11:01:00",169464,23004,24
33180,"2024-04-03 08:45:10",292126,13713,25
33181,"2024-04-03 05:45:01",429995,17576,22
33182,"2024-04-03 18:07:51",23557,194,25
33183,"2024-04-03 08:45:07",198539,1967,25
33185,"2024-04-02 16:49:34",594276,25589,25
33186,"2024-04-02 19:11:45",1180810,35754,25
33188,"2024-04-03 06:20:47",264480,8946,25
33190,"2024-03-29 20:00:23",432268,27520,24
33191,"2024-04-04 18:00:17",22014,577,25
33192,"2024-04-04 01:00:23",313457,2350,25
33193,"2024-04-02 22:11:58",2107226,42681,24
33194,"2024-04-04 00:45:57",199633,14213,25
33195,"2024-03-26 04:51:35",3636616,58061,25
33196,"2024-04-03 02:36:47",241291,5963,25
33197,"2024-04-04 13:20:10",95556,691,24
33198,"2024-04-03 17:00:03",389663,29477,22
33200,"2024-04-04 09:00:05",483690,23602,25
33202,"2024-04-04 11:30:00",27498,363,25
33205,"2024-04-02 13:00:29",322408,4604,25
33207,"2024-04-04 07:00:44",200973,10607,25
33208,"2024-04-04 11:00:37",127556,1408,24
33209,"2024-04-04 10:07:49",216336,15527,25
33210,"2024-04-04 14:03:37",49459,510,25
33211,"2024-04-02 21:03:40",380857,19664,24
33212,"2024-04-03 08:00:07",292540,6273,25
33213,"2024-04-03 11:19:37",101246,8258,25
33215,"2024-04-03 11:05:20",363163,3408,25
33216,"2024-04-04 14:45:00",149243,13726,25
33218,"2024-04-02 09:00:24",167619,3556,25
33220,"2024-04-04 09:39:00",284786,13629,22
33221,"2024-04-02 00:00:33",396019,14416,25
33224,"2024-04-04 10:44:20",124204,4784,25
33226,"2024-04-03 02:00:23",103793,10302,25
33227,"2024-04-03 08:53:12",184557,1124,25
33228,"2024-04-03 08:23:43",109075,11413,25
33229,"2024-04-04 11:28:52",70192,2003,25
33230,"2024-04-04 11:07:03",40036,821,25
33231,"2024-04-04 04:30:02",218710,6086,22
33232,"2024-04-02 21:51:00",625812,3777,25
33233,"2024-04-03 09:12:14",94164,1155,25
33235,"2024-04-04 13:00:07",98153,3108,25
33236,"2024-04-02 19:15:01",713489,7584,25
33237,"2024-04-04 11:23:08",136674,2864,17
33238,"2024-04-04 09:16:36",54438,481,25
33240,"2024-04-02 20:46:44",191752,919,25
33242,"2024-03-19 14:00:01",2576768,86117,25
33243,"2024-04-02 22:22:18",255838,2171,25
33244,"2024-04-04 10:15:04",69184,1376,25
33245,"2024-04-04 14:00:05",270527,11338,25
33246,"2024-04-02 16:54:49",1151295,37669,25
33247,"2024-04-03 09:30:16",224925,4224,27
33248,"2024-04-03 12:50:00",25886,283,24
33249,"2024-03-27 19:04:56",95144,4579,25
33250,"2024-04-02 13:35:30",122505,1301,25
33251,"2024-04-03 19:00:24",113161,9922,25
33253,"2024-04-04 15:16:11",28145,291,24
33254,"2024-04-04 19:10:42",59641,2631,25
33256,"2024-04-03 11:59:21",207562,10083,25
33257,"2024-04-03 13:34:53",106801,6003,25
33259,"2024-04-04 15:55:08",86530,1318,25
33260,"2024-04-03 22:00:49",25635,159,25
33261,"2024-03-28 16:06:15",467747,13781,25
33262,"2024-04-03 15:00:37",38485,440,25
33263,"2024-04-03 15:46:21",723648,24321,25
33264,"2024-04-04 12:23:56",72442,5855,25
33269,"2024-04-03 14:40:00",4046866,393774,24
33274,"2024-04-03 20:48:26",1901222,184820,20
33275,"2024-04-02 13:49:57",2123732,199406,24
33278,"2024-04-03 15:45:00",1590457,173290,27
33281,"2024-04-02 12:00:34",3094999,278927,22
33283,"2024-04-02 16:31:44",1716178,234041,23
33287,"2024-04-03 23:50:00",1302525,37401,24
33289,"2024-04-03 11:33:15",1312596,59898,26
33297,"2024-04-01 04:00:25",1707189,101814,1
33303,"2024-04-02 15:09:52",1221910,88395,22
33304,"2024-04-02 17:17:14",552894,33324,23
33308,"2024-04-03 10:12:54",1331972,178858,1
33309,"2024-04-02 17:10:28",865313,None,1
33313,"2024-04-04 16:00:55",549601,72175,22
33315,"2024-04-03 19:05:05",531803,12738,24
33318,"2024-03-30 10:07:27",2919906,147908,24
33324,"2024-04-04 01:14:32",287638,23733,20
33325,"2024-04-03 11:30:08",796420,16509,23
33328,"2024-03-20 11:44:28",15486619,1384497,23
33329,"2024-04-02 12:03:25",1148089,51864,1
33337,"2024-04-03 08:00:16",460447,45508,20
33340,"2024-04-02 13:00:26",1038068,54926,22
33342,"2024-03-11 06:30:02",7872105,432644,24
33348,"2024-04-02 12:30:05",1037443,118084,22
33350,"2024-03-26 13:00:03",3245565,234689,22
33351,"2024-04-04 12:00:41",2863832,66641,24
33361,"2024-04-01 18:00:16",837534,38608,1
33365,"2024-03-22 07:00:10",6124802,293547,1
33367,"2024-04-01 13:00:38",592828,32258,24
33373,"2024-04-03 11:19:00",760688,86543,1
33375,"2024-04-01 13:10:23",753712,72462,24
33378,"2024-04-02 13:28:31",354973,30330,23
33379,"2024-04-03 18:56:17",1814233,65560,24
33381,"2024-04-03 11:03:19",573088,102052,22
33382,"2024-03-25 11:48:35",38977376,3627434,20
33383,"2024-03-14 23:30:25",7824111,120541,22
33385,"2024-04-02 12:45:27",1718500,65428,24
33386,"2024-04-03 19:00:00",413200,42550,23
33387,"2024-04-02 16:15:50",630368,18236,24
33388,"2024-04-02 10:17:03",544050,25450,22
33389,"2024-03-18 04:00:01",4195249,151009,1
33391,"2024-04-04 13:00:05",203536,25243,22
33394,"2024-04-01 13:17:13",1737529,5018,1
33397,"2024-03-20 03:29:24",13016950,100319,22
33399,"2024-03-23 12:28:18",3867391,276903,1
33401,"2024-04-03 08:00:45",401227,8217,23
33403,"2024-03-28 10:10:47",1511831,87944,24
33406,"2024-04-03 06:00:06",641727,23113,24
33408,"2024-04-03 18:54:07",254922,14343,23
33409,"2024-03-30 17:00:17",1024092,82158,22
33410,"2024-04-02 14:33:56",495764,21455,22
33415,"2024-04-02 10:00:08",459955,22858,22
33418,"2024-04-03 16:00:06",711625,53506,25
